P49788	-14.04	Q9Y490
Q15904	-7.19	P35579
Q86VX2	-6.83	P21333
P30499	-4.61	P60709
P28907	-4.44	P07996
Q8WTR2	-2.93	P12814
M0R2G3	-2.69	P18206
Q95365	-2.55	P02671
Q5VZ66	-2.28	P08514
P20472	-2.21	P02775
Q9H4L5	-2.01	P02675
G8JLE0	-1.71	P00488
P04196	-1.63	Q86UX7
Q9UKW4	-1.6	P05106
E9PGF5	-1.59	Q9H4B7
Q08426	-1.58	P07737
Q9NZ08	-1.55	P14618
J3KQ66	17.64	Q14766
Q96N66	8.66	P04275
Q6UWE0	7.64	P68366
H0YMV8	6.72	P67936
Q96FN4	6.41	P06396
Q9NPA8	6.12	P02679
P56181	5.96	Q13201
Q9Y6K5	5.57	Q00610
J3KS81	5.16	O75083
G5E933	4.42	P68871
Q86VR2	4.34	P68371
P22626	3.83	P11142
P33908	3.66	P61224
P08311	2.88	Q15942
P03973	2.73	P04406
Q9NZJ9	2.55	P69905
P62805	2.49	P63104
P62263	2.45	P37802
H7C1J4	2.44	P06733
P04083	2.39	Q15149
P02792	2.38	P11021
P02549	2.09	Q13418
Q6ZWT7	2.09	P12259
P13796	2.08	Q93084
Q9UPN4	2	P27105
Q9Y5P4	1.78	O00151
Q63HN8	1.7	P10720
P06702	1.66	P07900
P12955	1.6	P23528
P05109	1.58	P26038
J3KNL6	1.55	O43707
		P62937
		P04075
		P14625
		Q13576
		Q01518
		P30041
		Q01082
		P68032
		P11277
		P55072
		P08567
		P07359
		P62258
		O95810
		P48059
		P60660
		Q9NZN3
		O00299
		P07384
		P02751
		Q05682
		P00558
		J3QRS3
		P47756
		O75116
		P61158
		H3BPE1
		Q9UBW5
		Q70J99
		P19367
		P52566
		P48735
		O00429
		P23229
		P02776
		P11216
		Q27J81
		P23284
		P60174
		P07237
		Q15746
		Q15833
		Q9HBI1
		P00491
		Q14697
		P25705
		P16109
		P50552
		P04792
		Q01813
		Q14008
		P05556
		O76074
		B4DDF4
		P40197
		P27797
		Q15404
		P0DMV8
		P0DMV9
		P78417
		Q14247
		P06576
		Q9ULV4
		P49327
		P18054
		P61204
		P16284
		P10809
		P09493
		E7EPV7
		P61160
		P07195
		P11169
		P07951
		O15117
		Q13642
		O15143
		P00387
		O95866
		Q9UDY2
		Q9H0U4
		Q9Y277
		Q0ZGT2
		Q9Y6C2
		Q9NQC3
		P00338
		Q9Y613
		P01892
		P00918
		P31146
		P29144
		Q6ZNJ1
		P11413
		Q7L576
		Q14204
		P08238
		Q92619
		P09211
		Q15691
		Q9NR12
		O00194
		O15144
		Q9NQ75
		P14543
		P62979
		P06737
		P12931
		P04179
		P22314
		Q13586
		Q04917
		Q86YW5
		P53396
		P63000
		P01024
		P51659
		Q14644
		Q9NRW1
		P52907
		Q8WUM4
		P05067
		P30740
		P16671
		P53621
		P27824
		Q99497
		P04196
		Q5JSH3
		P29350
		P24844
		P68363
		O00161
		Q7KZF4
		Q13045
		Q14019
		Q16643
		O94919
		P16615
		Q9BSJ8
		Q13813
		P04040
		O15511
		P51149
		P21796
		P05141
		P05771
		P21291
		Q9Y696
		P22392
		P07203
		P43304
		P41226
		P49368
		P61106
		Q15907
		Q96C24
		P01137
		Q12913
		P04114
		P13224
		P58546
		Q5JP53
		Q9H4M9
		Q9NYU2
		O14672
		P40926
		Q6S8J3
		P46939
		E7ES33
		P48426
		F5H4R6
		O00139
		Q96HC4
		P09486
		P10909
		Q3ZCW2
		Q9Y5S2
		O43182
		P01834
		P33176
		Q13094
		P30405
		E7EX90
		P23219
		P18669
		Q7LDG7
		P54920
		P31948
		Q96P48
		Q9Y251
		Q15084
		P04899
		P61981
		Q9UJC5
		P16157
		P17301
		P61586
		O43150
		Q06830
		Q14847
		P13667
		Q9P0L0
		P31150
		P01857
		P02787
		Q9NY65
		P50570
		Q6IBS0
		P14770
		P59998
		P50990
		P17987
		P06744
		Q14677
		I3L504
		P29401
		P52565
		Q9Y4D1
		Q8N392
		P78371
		A6NNI4
		Q05209
		Q13423
		P0DP23
		P0DP24
		P0DP25
		P02766
		Q99685
		P52209
		P04843
		Q01433
		A2A274
		P07225
		P60953
		P10644
		Q5T4S7
		Q5SRN5
		Q9H299
		Q9NR31
		P36871
		Q16555
		P35908
		Q9UJU6
		Q13637
		E9PLK3
		P04632
		J3QSW6
		O75368
		P27348
		P01889
		P62942
		P30044
		P55145
		Q9H939
		Q9NTJ5
		O75558
		P53618
		P40939
		P38646
		O43294
		Q05655
		Q8NEU8
		Q14165
		Q92614
		Q15019
		P62993
		Q9C0C9
		P34932
		D6RGI3
		P00441
		Q8TF42
		P48643
		Q06187
		P47755
		Q7Z6Z7
		P30086
		O43665
		Q08495
		Q15365
		Q10567
		P30040
		O15145
		P26641
		Q14974
		P61026
		P45880
		P30048
		P49588
		P99999
		P13501
		P60842
		P13073
		Q9NYL9
		P38606
		Q709C8
		P61006
		Q14554
		Q00325
		Q8TC12
		H7BY58
		P00747
		P62873
		P16152
		Q86VP6
		P27338
		P41240
		Q9Y2Q3
		O95782
		P08758
		Q96G03
		P54577
		O00410
		P49407
		Q9UKE5
		P63167
		P51692
		O43149
		Q9H3U1
		E7EX73
		Q16891
		O60234
		P35813
		P25786
		Q9NZQ3
		P62136
		Q07960
		P35606
		P31946
		P40763
		P40227
		Q8NE86
		P42566
		Q9ULH1
		Q86WI1
		Q96RL7
		O14818
		P60900
		Q9UIB8
		P50991
		P10124
		P11586
		Q93052
		P60981
		P43405
		P02647
		O95870
		Q9Y6D6
		P30153
		P54819
		P30085
		P13489
		Q00013
		Q99832
		P61088
		P41250
		O43516
		H0YI08
		Q13011
		Q01469
		P35237
		Q9C0I1
		Q9UBC2
		P37837
		P38117
		O95336
		B5MDF5
		O75915
		P07948
		P51148
		P14868
		B7Z3I9
		Q9UNF0
		P11234
		O75874
		P46109
		Q684P5
		G3V394
		P49411
		Q6PJW8
		P55160
		Q9H2K8
		P50148
		P00915
		B4DT77
		P31939
		Q9UHB6
		P22694
		Q16531
		Q5T9B7
		E7EUC7
		Q9Y678
		P30622
		P07339
		P10599
		Q9BQE3
		P50416
		Q13177
		P28838
		P19971
		Q13162
		H7BYY1
		Q8NF50
		P26447
		Q05193
		Q16762
		Q93008
		Q99714
		P07741
		Q7L7X3
		P01009
		Q9Y2Q0
		P15170
		Q9BUL8
		F5H1N7
		A0FGR8
		C9JAI6
		Q13976
		Q6IAA8
		F8W7Q4
		Q16698
		P08603
		O75396
		O75791
		P78344
		Q9BV40
		Q9NS28
		O00264
		P0DMN0
		P0DMM9
		P62820
		Q13464
		P30046
		Q9NQW7
		B4DJV2
		P49748
		Q4KMQ2
		O14974
		F5GY37
		P00390
		P49773
		Q5SQ64
		Q9Y6E0
		Q96K76
		Q5VTE0
		Q9UNF1
		P16885
		O75563
		P24539
		P14174
		P17252
		O43815
		P23368
		Q9UFN0
		Q14344
		Q9Y2A7
		P48047
		P20618
		Q8IY22
		Q8WUD1
		O14745
		O75947
		P22695
		Q14571
		Q96KP4
		Q96QK1
		Q9BR76
		Q05397
		Q9Y624
		O43399
		P17858
		P40925
		P50402
		S4R3N1
		O60763
		P42858
		Q06323
		Q5H9A7
		Q96BY6
		O60493
		P48147
		Q02218
		B6VEX4
		Q9H8S9
		Q9HCM2
		P00492
		Q14BN4
		E5RJD8
		P26639
		Q96FW1
		O00534
		O43396
		Q8NBF2
		K7ELL7
		P00367
		O15327
		P35232
		P31323
		O43639
		Q9NZ08
		P61163
		O75955
		P20936
		Q14254
		Q14112
		P50995
		D6REX3
		Q86UP2
		F5H6E2
		P51572
		Q9UDT6
		P14927
		P13797
		P25788
		P31930
		P36542
		P20340
		O60313
		P0C7P3
		P10619
		O15400
		O14980
		P02042
		P84095
		Q00722
		I3L0N3
		P45974
		Q9Y3P9
		D6RAM3
		B4DKB2
		J3KNB3
		Q00688
		P01859
		P21964
		P35611
		Q8WVM8
		Q6VY07
		P49755
		Q9UNZ2
		Q9H3N1
		Q9P2E9
		P48444
		Q96RT1
		Q9Y4E8
		Q9Y608
		P21399
		P24666
		P68036
		Q14764
		P22234
		P09382
		O15439
		P22307
		Q9UQ80
		O60664
		P28066
		Q9BVK6
		Q9HCN6
		P61970
		Q6WCQ1
		Q15067
		Q6XQN6
		Q9Y5K6
		P50453
		P53801
		P61225
		Q13884
		Q5VY43
		Q9NQT8
		P61769
		P09104
		P15153
		Q86UY0
		P10768
		P42574
		O15231
		P14317
		Q99460
		P09669
		Q02978
		Q15819
		Q15126
		E9PGC8
		P20338
		P54136
		Q14432
		P09622
		Q9BX10
		Q9HB71
		G3XAH0
		Q5W0H4
		E9PCN2
		Q6P3W7
		P39656
		Q9BSF0
		Q5T5C7
		Q06124
		P25787
		Q86UT6
		F8VPD4
		P04844
		Q16543
		Q13867
		P30043
		Q96AP7
		P11940
		P08590
		Q15056
		Q9HBH0
		B1AMS2
		P37235
		P12236
		P28062
		Q15369
		P47897
		Q14C86
		P05023
		P50502
		Q13200
		O43306
		P04004
		A0A0B4J2D5
		P0DPI2
		Q15762
		P55957
		Q9BXS5
		Q99683
		Q9UEY8
		O95721
		P28482
		P54578
		P63010
		O14579
		O43488
		P48507
		Q9NZN5
		O60749
		P29218
		Q02108
		P43034
		Q4V328
		P61604
		Q96T51
		O95674
		P31040
		Q04446
		Q9BS26
		P10301
		E9PF18
		Q8N5K1
		Q9BW04
		J3KQ32
		P13804
		P30084
		Q13459
		Q15642
		Q9H7D0
		Q9NP72
		P13639
		P02549
		P12429
		Q8TDZ2
		Q8WXE9
		Q9UIJ7
		J3QRU4
		O60496
		P53634
		Q96IU4
		Q9BZF9
		Q9NQR4
		Q96HN2
		O95197
		Q8IZ83
		O60488
		Q96CN7
		J3QRU8
		O95373
		P62879
		P98194
		Q16799
		Q9NVJ2
		Q99805
		Q9UL25
		P10606
		P49593
		P62834
		P42224
		Q9Y6N5
		Q9UHQ9
		O15031
		P01127
		P05121
		P29692
		Q9UKG1
		Q9BWM7
		Q9NY33
		Q3LXA3
		O95292
		Q86TP1
		Q8TCJ2
		P30491
		P67775
		P55084
		O00186
		Q9BX68
		Q9NXH8
		Q3ZCM7
		Q96FJ2
		S4R3E9
		P53004
		Q9H0P0
		P25398
		Q9H2M9
		P61086
		P62333
		Q6UWL2
		P26640
		Q9UK41
		P11766
		O14617
		P00738
		P09972
		Q99704
		P55060
		Q15075
		P00505
		Q14012
		Q92538
		Q96AG4
		Q04837
		P61978
		Q9ULC5
		Q04759
		P30273
		P36969
		O95182
		P42338
		P14854
		Q13043
		C9J0K6
		P23381
		P42768
		Q9H2G2
		P35573
		P61952
		P05109
		P21912
		P26885
		Q6YHK3
		P08574
		P18031
		P25789
		P49720
		P11177
		P19086
		Q7Z434
		Q9UPU5
		Q99426
		P09488
		Q8IVB4
		P82909
		O00231
		P24534
		Q5T5C0
		Q9UBQ7
		O00116
		P21266
		O95831
		P61019
		P28331
		Q9UKY7
		P43487
		Q9NWZ3
		P11171
		H7BXH2
		P08670
		Q9H6Q3
		Q9Y3F4
		O60268
		P00734
		P47712
		Q92900
		E7EMM4
		P25325
		O15067
		Q9H0E2
		P22059
		P54727
		Q9UL46
		O15357
		Q6ZVM7
		Q96FZ7
		E9PGT1
		P32119
		Q9H8W4
		Q9HC38
		P06730
		Q14152
		P20674
		P55884
		Q8N4L2
		Q8N1Q1
		Q92973
		C9JIF9
		Q12974
		Q96AX2
		Q9ULC4
		Q7Z4W1
		Q9BZ72
		Q15370
		Q15042
		Q32MZ4
		B5MD23
		Q99733
		Q8TAT6
		Q14789
		Q9ULL4
		E9PF32
		P56192
		B1AK13
		H3BUX2
		O75340
		O94804
		Q15382
		Q16539
		A6NFX8
		A6NMQ3
		O15127
		Q9H7M9
		P15498
		Q8IUI8
		Q9H223
		B1ALK7
		P61201
		Q7Z2W4
		Q8NCW5
		B7ZKJ8
		P51809
		P49589
		O14773
		P06132
		P36959
		Q9H425
		Q9UBQ0
		A6NG10
		G3V3H3
		Q8N3D4
		Q86VS8
		P61018
		Q53GQ0
		O43633
		P21281
		Q15836
		Q96KP1
		Q96SB3
		P51153
		Q6DD88
		Q9H479
		Q9Y4G6
		Q8NG06
		Q9P270
		P09525
		Q15008
		Q5VYK3
		Q9NUQ9
		O95260
		P06702
		P11047
		P14550
		Q01970
		Q13404
		A0AVT1
		D6RF35
		P00403
		P18085
		Q9Y265
		O60506
		P53814
		P52306
		O75165
		Q8WXG6
		P01116
		P49257
		P63261
		P07108
		P62805
		P07814
		Q9BT78
		Q96A65
		P23560
		O15173
		P35241
		P49721
		Q07021
		Q8TD19
		P42704
		P06241
		Q99952
		A6NIW2
		O75190
		P01008
		Q5T447
		Q9Y274
		Q86UE4
		Q9Y3A5
		P09960
		Q71U36
		Q06481
		Q14289
		Q8NBM8
		E7EPT4
		P36543
		O75351
		Q9BVJ7
		Q9H4X1
		O94826
		P19634
		P23526
		Q9NVK5
		Q9NUJ1
		O00203
		P01133
		P18859
		Q5VWZ2
		O95865
		P04080
		Q8TD55
		C9JRZ6
		O00232
		O75844
		P07093
		Q07812
		B4DUC8
		P98082
		Q9BRA2
		Q9UHA4
		P05198
		Q63HN8
		Q9UMY4
		P60520
		P02649
		P35998
		Q92835
		P18084
		Q04760
		Q6GMV3
		Q9NVG8
		P28070
		Q14118
		Q9UNH7
		J3KNF4
		O15212
		O43681
		P09496
		P56134
		Q4KMP7
		P41091
		P61077
		Q5QPK2
		P53007
		Q5VZK9
		Q8IWA5
		Q92930
		E9PGT6
		Q8N5J2
		C7C5T7
		Q92625
		B7Z9I1
		F5H365
		P48739
		Q9Y3C8
		Q15185
		P09417
		Q9P1F3
		Q9Y2Q5
		A6PVN5
		O75131
		O95989
		P12081
		Q08722
		Q9Y5M8
		Q9Y6C9
		P07954
		Q8N1G4
		O00154
		P62330
		P62495
		O95834
		P0C0L5
		Q99501
		O43852
		O95571
		Q6ZRY4
		Q92882
		J3KN29
		P53992
		Q7Z478
		O75964
		P23919
		Q14392
		Q9GZY8
		B1AJY7
		P61626
		P51571
		Q9BX67
		A2RRP1
		P03928
		Q16512
		Q96S97
		Q9UHQ4
		P32321
		P58215
		Q15435
		Q5VWC8
		Q9P1Z2
		H7C2Q8
		Q8NFV4
		O75489
		P16278
		P26196
		P14324
		Q86YL5
		Q9Y263
		Q14258
		O75608
		Q00341
		H0YNG3
		P06703
		Q9H0R4
		Q9UBF2
		A2AEA2
		P50225
		Q9UBS4
		O76003
		Q86XR7
		Q8N9U0
		Q9NX76
		Q9Y5X1
		P02794
		Q12904
		Q9UI09
		O60645
		O75531
		P32019
		O95140
		P55809
		P68402
		Q9Y3I0
		Q08209
		Q9BZQ8
		Q9NRL3
		P10316
		P42345
		Q9H4G4
		G3V1R5
		Q13496
		Q99961
		E7ER44
		Q969H8
		P55212
		Q9BZF1
		O75348
		Q16706
		E7EQN5
		Q8N9N7
		Q8WWI5
		O00471
		Q5M775
		Q68D91
		Q8TEW0
		Q5JSP0
		O15498
		Q16401
		Q92556
		Q13617
		Q14162
		Q8IY33
		Q9H910
		P22102
		P47985
		Q7Z7H5
		Q8N699
		P02730
		Q9GZP4
		O60716
		Q9UHV9
		O95169
		Q9Y2B0
		D3YTD1
		O94886
		Q92499
		O75323
		P56385
		Q12907
		F8W930
		O43312
		P49247
		Q9HDC9
		Q99653
		Q9UJ68
		Q9H3K6
		Q9Y6W5
		P26599
		B0QY89
		K7EMR7
		Q14696
		Q7L1W4
		Q9H3P7
		O14964
		P62195
		Q13217
		Q04941
		P49619
		E7EVA0
		O43504
		Q9HBL7
		P32189
		Q14315
		P34897
		B0QZ18
		Q6DU44
		Q9NR28
		O75380
		Q13131
		Q9Y371
		J3QRU1
		Q08379
		Q99969
		Q9P260
		O43242
		P16930
		P62140
		Q9NSD9
		Q99613
		P17812
		P30566
		M0QZR4
		O43678
		O60888
		O94925
		P50454
		Q5T1M5
		P20645
		P53582
		K7ERE1
		Q6IAN0
		Q99417
		Q9H9B4
		Q5W0V3
		B4DER1
		R4GNH3
		P51812
		Q96G23
		Q9UQ16
		B4DZH6
		A1A4S6
		E9PFZ2
		E9PI68
		Q00765
		F8WAE5
		P08648
		P60891
		Q5SW79
		O15084
		O95298
		G3V2U7
		P48637
		Q14157
		E7EM64
		O00629
		O14949
		O95881
		P25098
		P42025
		Q9Y376
		O60925
		P61966
		Q13033
		Q13526
		Q9Y3Q8
		B4E1Z4
		Q6P3X3
		P56377
		Q5TCZ1
		Q96JH7
		P43686
		Q12846
		Q9NUB1
		Q9UMX0
		Q15366
		Q9H7J1
		P35613
		Q03518
		Q9NVI7
		Q9Y6M9
		O96000
		P15374
		Q14232
		Q15208
		Q16775
		K7EJE8
		P29279
		P05387
		A5YKK6
		O95168
		Q96C19
		Q9H8H3
		P00167
		Q96CW1
		Q9NZB2
		Q15771
		Q8N4C8
		O95425
		P19784
		P49841
		P51970
		Q58FF8
		O43583
		Q6UX71
		Q9BRP8
		P29965
		P49189
		P49758
		Q9UNM6
		O00571
		P27986
		Q13618
		Q8NDB2
		Q8TEA8
		Q99878
		Q15363
		Q96A00
		Q9H7C9
		Q8TD16
		Q15121
		O14561
		O94874
		P01042
		P46977
		P56537
		O43772
		O60613
		P05165
		Q9UII2
		P02790
		P06756
		Q15118
		Q6P1M0
		Q9Y5P6
		O43920
		Q9Y2J2
		Q9Y2T2
		Q9HAB8
		Q9Y315
		P43250
		Q9H270
		O00483
		Q15389
		Q9HCU4
		O43617
		P02545
		O14976
		B7Z493
		P13807
		Q96GG9
		Q9Y4G8
		O00743
		P17174
		P50579
		Q9Y6A9
		K7EK35
		P63092
		Q92820
		Q96CS3
		Q9P035
		Q66K74
		P17655
		Q5QPM7
		Q9BZL4
		Q9Y266
		Q99747
		Q9H2U2
		D6RCD0
		O75935
		P04217
		Q16822
		Q6ZUX7
		Q92616
		B7Z5N5
		H7BXD5
		R4GMR5
		P61081
		Q8WVC2
		Q9UPT5
		O94903
		P09110
		P36957
		Q7Z460
		Q8NE71
		Q8TDX7
		Q9Y2R0
		Q6P1N7
		O96011
		Q13107
		Q8TB24
		Q9GZN8
		Q9H3S7
		Q9Y333
		F5GXX5
		Q9NP79
		Q9UHY7
		Q9Y305
		Q9Y3D6
		C9JFE4
		P35625
		F8WDY4
		O15371
		B7ZC38
		P34913
		Q12882
		Q8N573
		Q9BXJ9
		Q9GZT3
		Q6P996
		O95202
		P84085
		Q16718
		Q86X76
		Q93034
		O60229
		O60271
		P31749
		Q12797
		P62312
		Q9H1B5
		Q9Y6A5
		P08134
		Q14166
		Q6PL24
		Q8NBX0
		Q9NRW4
		O60674
		P04085
		Q969X0
		Q9NRG1
		P51575
		P62191
		P62256
		Q6P2E9
		Q9Y5J7
		B7WPE2
		E9PGF5
		P13796
		P23786
		P56202
		Q92905
		Q9UNS2
		Q9Y230
		Q9Y2Z0
		B0QYN7
		F8VWT9
		P08237
		Q14964
		P27987
		Q29940
		Q9NRY5
		Q9UJW0
		Q8TC07
		Q99816
		Q9NV70
		Q9Y4W6
		P22681
		P01111
		Q13724
		Q92686
		Q9UEU0
		J3QQK6
		P01871
		P28072
		Q5VY93
		Q6PGP7
		Q92896
		Q96E17
		Q9Y6D5
		O14523
		P50583
		O95807
		P07686
		P07919
		P30453
		P62341
		Q5BJD5
		Q92854
		P01034
		P55327
		Q9UJZ1
		P20339
		O15155
		P36405
		Q8N138
		Q96N67
		Q9NWV4
		O14920
		P0CG39
		Q92890
		Q7Z3U7
		O43676
		P35754
		P98172
		Q96IX5
		Q9NP97
		Q9BQS8
		Q12805
		Q562R1
		Q86SX6
		Q9NP58
		J3KN59
		O75663
		Q8N3F0
		K7ERF1
		P30049
		P30508
		P45954
		Q14116
		Q15386
		Q96HS1
		P42830
		P57105
		P61960
		Q92734
		Q9NYM9
		Q9P126
		Q8WZA0
		P02749
		Q03519
		Q13442
		Q9H1Z4
		P22105
		P36507
		P55036
		Q13085
		Q86SZ2
		Q9UHD8
		E9PJN4
		O00391
		Q9P2R3
		J3KNL6
		P11233
		P51580
		Q9NRV9
		Q9Y6G9
		E9PIR7
		P33527
		P49757
		F5GWT4
		F8VVA7
		Q5T7C4
		P28161
		Q68EM7
		Q93009
		O43776
		O95299
		Q9HCN8
		Q9UHD2
		Q9UPN7
		E9PEJ4
		O95671
		Q00059
		Q13619
		Q3ZAQ7
		Q9BSH5
		Q9NRR3
		Q9NUU7
		Q9Y5K8
		E9PC69
		O94973
		P52788
		P56556
		Q5T5U3
		Q8NFQ8
		Q9BTE1
		E9PHV5
		P63218
		Q96CW5
		Q9P2D3
		Q8TBF2
		O60684
		O75306
		P01876
		P04424
		Q15181
		Q17RC7
		Q5T0N5
		Q8TDQ7
		Q9NZM3
		H3BSC1
		O60841
		Q86WR7
		Q8IXI1
		Q99523
		Q9BY32
		P49767
		P09543
		P33121
		Q8IWV7
		Q92572
		G3V1U5
		P16591
		Q6UXV4
		Q9BUP3
		Q9UHL4
		P57729
		Q16610
		Q16864
		O95630
		P11274
		P25685
		P42226
		O75223
		P20810
		Q8IXJ6
		Q92747
		G3V0I5
		M0R0N4
		O14828
		P12318
		P53597
		Q9UGP4
		Q969M7
		F8VYE8
		O60331
		P03950
		P04083
		P43155
		Q14240
		Q96BM9
		Q99471
		Q9HC35
		Q9Y316
		P46940
		Q658Y4
		Q9NV96
		Q86TV6
		Q92783
		J3QRT5
		O60256
		O95295
		P55735
		P80303
		Q15276
		Q6PCE3
		Q9HD20
		F8VZJ2
		E9PS17
		O60826
		P49137
		P51665
		P57088
		Q9Y224
		F5GYG5
		O14775
		O95573
		P20042
		P51606
		Q12912
		Q8TBC4
		Q13564
		O95747
		P30419
		Q06033
		Q5GLZ8
		Q99576
		Q9Y385
		O00487
		O94929
		Q14088
		Q14353
		Q15057
		Q92963
		Q9BWD1
		O75154
		P52333
		Q96LW7
		Q9NPJ3
		P34949
		H0YMB3
		P42680
		Q13347
		Q15102
		Q9H267
		Q9Y619
		B3KSH1
		K7EM18
		P31751
		Q06210
		Q9NQP4
		Q9P0I2
		P48634
		P61020
		Q15286
		Q9NXU5
		Q9ULQ0
		E7EX17
		O95563
		P24752
		P48736
		P60983
		Q6NUK1
		Q96SL4
		Q8IVT5
		O15116
		P01023
		P11441
		D6RE10
		E7EU96
		E7EVJ5
		O60704
		P49902
		P59666
		Q12765
		Q15172
		Q969X5
		P08133
		P30038
		Q00535
		Q9Y5X3
		O95487
		O60831
		P54886
		Q00577
		Q5JRX3
		Q9NUY8
		Q9H8Y8
		O00399
		O95183
		P42126
		Q12851
		Q14192
		Q9H074
		Q5VZ89
		O75688
		P00352
		P17612
		P50151
		Q9NZ45
		P12955
		P23258
		P36551
		P41227
		Q5SWX3
		Q8TAD7
		Q9NRF8
		P47813
		Q9HD45
		J3QS48
		D6RIE3
		Q8TCF1
		P09327
		Q13057
		Q8IZD0
		Q16644
		Q9BT09
		Q9Y2L5
		P19876
		Q02252
		Q7L9L4
		Q9BZV1
		O95372
		P42331
		Q32P28
		Q68D51
		Q7L266
		Q86TI2
		Q8IZH2
		Q8TCD5
		Q96JJ7
		Q9NRX4
		A2ACR1
		E7EQ69
		P31321
		Q9H0W9
		Q9NVZ3
		Q9UDW1
		A6NDU8
		F5H0U5
		O14737
		Q5TD07
		Q8N5M4
		Q8N6H7
		Q9BZH6
		B4DWR3
		O75534
		P08311
		P14735
		P34896
		Q63ZY3
		P04156
		P13861
		P57737
		Q4G0F5
		Q8WZ82
		Q9HAV0
		Q9NQE9
		Q9NRW3
		Q9NRW7
		Q9NS69
		Q9UN37
		P10155
		Q5T985
		P49795
		Q53H82
		Q8NB37
		Q96EP0
		Q9P2X0
		F6UJY1
		P02748
		P31937
		P61221
		Q15477
		Q9NPA0
		Q9NR19
		Q9NTJ4
		Q9Y6I9
		P11908
		P23458
		P62877
		Q96DB5
		Q9BRG1
		O00178
		O14907
		P05160
		P15121
		P48509
		P98179
		Q08426
		Q8IUD2
		Q8NFU3
		Q96GS4
		Q9BTZ2
		Q9BYC5
		O14548
		Q07817
		Q92609
		Q9HAT2
		Q9NX40
		R4GN72
		P07332
		P31689
		P35236
		Q5K651
		Q96H79
		C9JQ41
		J3KP36
		P09497
		P17066
		P49641
		P61764
		Q12768
		Q16740
		Q9UNK0
		Q9Y4K4
		Q9Y5L4
		G3V1A6
		P01891
		P14621
		P21283
		Q8IWB7
		Q8WVC6
		Q8WWM7
		Q9BTV4
		Q9NVE7
		Q9UKW4
		P01599
		P60228
		Q5SRQ6
		Q16795
		Q9UMX5
		Q9Y2H0
		K7EJC8
		O14530
		Q13451
		Q6RW13
		Q7Z3C6
		Q9BVC6
		Q9H0U3
		B0I1T2
		H3BRQ0
		O15111
		P11172
		P46108
		P60059
		P69891
		P42898
		Q99470
		Q9NRP0
		E7ESP4
		J3KQS6
		P02786
		P48061
		P55010
		Q6IA69
		Q8TF64
		Q9Y2D4
		Q9Y3C6
		C9J7E5
		O00505
		O43318
		Q12959
		Q8NDZ4
		Q9NZL9
		Q9Y5R8
		O95861
		O15305
		O43765
		P68106
		Q5RI15
		Q5VW32
		Q86Y39
		Q92520
		Q9UBW8
		O14979
		Q07108
		Q13596
		Q6P9F5
		Q8N5C1
		Q96DA6
		Q9Y259
		Q9Y394
		Q9Y5Z4
		O43493
		O14787
		P16455
		Q9H0B6
		Q9HCC0
		Q9ULH0
		Q5T091
		O15427
		P08559
		P0C7M8
		Q6ZMI0
		Q8WU79
		Q9H0X4
		Q9Y237
		Q9Y5U9
		B4DLN1
		E7EU35
		E9PNW4
		Q15041
		Q12931
		P55273
		Q16204
		Q70IA8
		Q7Z2Z2
		Q8IY17
		Q8TE77
		Q96A33
		Q99615
		Q9BSJ2
		Q9NRA1
		Q9Y512
		A6NKB8
		O43310
		P51151
		P62310
		Q96C01
		Q96JB5
		Q9UIQ6
		G3V5T9
		Q5VV89
		Q08378
		Q15147
		Q86WV6
		Q8IZ07
		Q9BS40
		Q9UHY1
		Q15418
		O15551
		P07858
		P40306
		Q13136
		Q86UF1
		Q96RI0
		Q9NZZ3
		P15531
		P60866
		Q53FT3
		Q86VN1
		Q9GZT6
		Q9NPQ8
		Q9UI12
		O75122
		G3V599
		H3BMM5
		O75821
		P07738
		P0CG38
		Q8NHG7
		Q9H2H8
		G5E963
		P20336
		P62857
		Q8WUY1
		Q9UL26
		E9PEE8
		O43447
		Q14011
		Q66K14
		Q8NG11
		Q9NR09
		P05155
		C9JAX1
		Q08AM6
		Q86Y82
		Q9P253
		G3XAI2
		Q15388
		E7EUY3
		O43813
		P05164
		Q969V3
		Q9UL15
		Q9UPN4
		I3L2L5
		F8WD64
		J3KR97
		O00217
		O75379
		P05534
		P46019
		P48553
		Q5JPE7
		Q8IYI6
		Q9NUP9
		F5GZS6
		Q9BZL6
		O75170
		O95858
		Q5VY30
		Q15311
		Q7L1Q6
		Q7Z401
		Q7Z5G4
		Q8N128
		Q99735
		Q9H4B6
		Q86YS7
		P06727
		P16949
		P42765
		P51570
		P56211
		Q13445
		Q6NVY1
		Q7Z4G1
		Q9BUF5
		Q9HAV7
		Q9UIC8
		Q9Y2L9
		Q9Y5P4
		Q13188
		P52597
		P57053
		Q02818
		Q13636
		Q2M3D2
		Q8IYB5
		Q8N490
		Q8N4V1
		Q99436
		Q9H845
		F8VYN9
		D6RFG8
		E5RGN3
		P08236
		P62072
		Q5T0F9
		Q5VVQ6
		Q8IWB9
		Q9H269
		Q9H3G5
		P30711
		P31153
		Q0VD83
		Q13113
		Q13492
		Q658P3
		Q8TC26
		Q9H3Z4
		A6NMB1
		F8VUA2
		O14841
		O60262
		O75695
		P48163
		P53675
		Q14699
		Q5LJA5
		Q99490
		Q9NRN7
		Q9Y673
		Q9Y6I3
		E9PQE8
		E5RJR5
		O00754
		P14209
		P33316
		P54922
		Q15750
		Q16363
		Q8IZ81
		Q8N1B4
		Q92558
		Q96M27
		Q9UEW8
		C9JP16
		O14744
		O75427
		P52594
		Q15125
		Q96NY7
		Q99598
		Q9NVM1
		Q96PM5
		E9PCY7
		O15269
		O94905
		O95139
		P53990
		Q12841
		Q15046
		Q9BT23
		Q9H3U5
		Q9HCG7
		Q9H2D6
		P49915
		O00170
		O95825
		P02652
		P08754
		P28074
		P49914
		P53041
		Q9GZU7
		Q9UNN5
		P41252
		Q13232
		Q53FA7
		Q5BJH7
		Q6P587
		Q9H0N5
		E7EW20
		J3KQ34
		P26440
		O43304
		O43314
		Q13148
		Q5W111
		Q6FI81
		Q8IX19
		Q96H20
		P01602
		P08865
		P50213
		Q7RTP6
		Q8N6T3
		Q8TDB6
		Q9H9A6
		P10746
		P46734
		P63151
		Q2TAM5
		Q96CV9
		Q96EY8
		Q9BRR6
		Q9H098
		E9PHY8
		H3BP13
		Q9Y570
		P15289
		Q00796
		Q08380
		Q96D31
		Q9P0J1
		A4D1W8
		O00560
		P36915
		P49354
		P62273
		Q8WTW3
		Q96IJ6
		Q9BPX5
		Q9Y3Q3
		O00442
		O60573
		O75822
		P11279
		P16298
		P48449
		Q02338
		Q15036
		Q13409
		O95352
		P01344
		P30050
		P36404
		P51159
		P61009
		Q96T76
		Q9BZE9
		Q9Y2S2
		B1ANG9
		P30480
		P53367
		Q96GD0
		Q96II8
		Q96JC1
		O43598
		P18065
		Q15714
		Q6IQ22
		A1X283
		P35609
		C9JA28
		E7EW77
		O75886
		P35244
		P40189
		Q5XKP0
		Q969U7
		Q9HBM8
		Q9GZY6
		Q9HCU5
		F6U1T9
		P04920
		P16189
		P47224
		Q53T59
		Q8TEB9
		Q92600
		Q96A49
		Q9BPW8
		Q9UH62
		Q9UJS0
		Q9P107
		F6VZ39
		H3BUV4
		M0QWZ7
		O43865
		O60568
		P17152
		P19525
		P46439
		P49789
		Q10713
		Q13283
		Q13951
		Q9BY43
		Q7Z7K0
		Q8WW12
		Q96J02
		Q9HB07
		Q9NR45
		Q9UQ13
		Q9Y6X5
		Q8NCR3
		J3KNI1
		O00584
		P49840
		Q13616
		Q8IWV8
		Q8WUH6
		Q99643
		Q9BVG9
		Q9H1P3
		Q9NT62
		Q9Y3A3
		A6QL63
		Q8NBY1
		O75787
		O43324
		O43615
		P30479
		P56381
		Q7L1V2
		Q7Z392
		Q86V88
		Q8IYT4
		Q9BRJ7
		Q9NTX5
		O15194
		O43181
		P30481
		P51116
		P54709
		Q12792
		Q13546
		Q8IXB1
		Q9GZZ9
		Q9UQ53
		Q9Y487
		C9JP00
		C9JV77
		O43264
		O43708
		O43837
		P60468
		Q5HYI8
		Q7Z6B0
		Q8IUR0
		Q96P70
		Q96S19
		Q9NX01
		Q9UJ70
		Q9UNE7
		Q9Y240
		C9J7K9
		C9JNK6
		O43924
		O95873
		P02760
		P61073
		P81605
		Q6ZSS7
		Q8NFZ0
		Q96B49
		Q96IZ0
		Q9UBF6
		Q9UID3
		B4DXZ6
		C9IZW8
		F8VV56
		O95433
		P02743
		Q5JQS6
		Q92902
		Q9BV20
		Q9NZ32
		Q8WUA7
		B0YIW2
		B4E3Q1
		O43674
		O75369
		O95167
		P00846
		P01860
		P16333
		P27449
		P40238
		Q9Y6H1
		Q9H1E5
		Q9HB40
		Q9P0S9
		Q9Y287
		F5H5N1
		Q13530
		P0CG04
		F8W785
		O75843
		P08240
		P22830
		P34947
		Q14642
		Q70IA6
		Q92506
		Q9NUP1
		Q9NX14
		Q9Y3C5
		Q9Y450
		A6NFX1
		B1ALM5
		B4E1G1
		Q15813
		O14521
		J3QL56
		O60220
		P07355
		P11182
		P19827
		P55263
		P78537
		A9UHW6
		B7Z4V9
		O43252
		P21731
		P28799
		P34096
		Q05823
		Q14558
		Q92688
		E7EMC7
		P25686
		Q15018
		Q5TBA9
		Q7L2H7
		Q7L8W6
		Q86VW0
		Q8N766
		Q95365
		Q9BRT3
		Q9H7B4
		Q9HAU5
		Q9NR50
		C9JAW5
		E9PC15
		P02763
		P23743
		Q8WW59
		Q93099
		Q96B97
		Q96I99
		Q9BZ67
		Q9Y281
		Q7Z422
		F5GWE5
		O60884
		P06312
		P35270
		P46934
		Q08257
		P06753
		Q9GZP0
		Q9H0R3
		Q9Y6B6
		P27361
		P62906
		Q5R341
		Q6P1L8
		Q8NBJ5
		Q8NFH8
		Q96JG6
		Q9NRP2
		Q9NW15
		Q9Y2V2
		Q9Y4H2
		F5H4U6
		O00453
		O14734
		O15230
		P17568
		P36639
		Q3V6T2
		Q49B96
		Q8N2G8
		Q92544
		Q96IY4
		Q9H444
		Q9NZ52
		Q9UHD1
		Q9Y5Y2
		G3V0G5
		G5E9C8
		O95155
		O95819
		P19838
		P25116
		Q02790
		Q71RC9
		Q765P7
		Q8IW45
		Q96S66
		Q99959
		Q9HC07
		Q9UMZ2
		E9PFU9
		Q6ICJ4
		C9JLV4
		O15382
		P08708
		Q5SW96
		Q8N3C0
		Q8N5G0
		Q96EK6
		Q96L08
		Q99536
		Q9GZS3
		Q9NRR8
		Q9NX57
		Q9UP83
		G3XAN4
		E7ETB3
		O14933
		Q5T8U5
		O75438
		P05386
		P12268
		Q02750
		Q13103
		Q13158
		Q6P9B6
		Q8N5H3
		Q8NBL1
		Q8TCT9
		Q92804
		Q96AC1
		Q9H446
		Q9H4I9
		Q9Y2I8
		Q86WQ0
		Q9NVS9
		F2Z2X0
		F8W9H0
		O95837
		O95980
		P07360
		P55268
		P62269
		Q13185
		Q13308
		Q5VST6
		Q6P589
		Q86VU5
		Q8N4T8
		Q8TAF3
		Q9H4A6
		Q9NQG7
		Q9P000
		Q9UL18
		G8JLM4
		O75521
		O95219
		P05161
		P42677
		P46736
		P52630
		P57772
		Q6PI48
		Q7L5D6
		Q9BUR5
		Q9H488
		Q9NZ43
		A8MT40
		P51648
		P54725
		P56181
		P67809
		P78318
		P80723
		P82932
		Q4G176
		Q6P1X6
		Q8NEN9
		Q8WVJ2
		Q96K49
		Q96T66
		Q9P266
		Q9UBI1
		Q02809
		B4E1N1
		E7EQ34
		O43427
		P15907
		P62701
		Q13907
		Q14139
		Q7Z3J2
		Q86WV7
		Q8NCA5
		Q8TCZ2
		Q9BSD7
		Q9HA64
		Q9UN30
		Q9Y6E2
		P16150
		P25311
		P30520
		Q01968
		Q08752
		Q13287
		Q13405
		Q8NEZ2
		Q99570
		Q9BVM4
		Q9BW83
		Q9H6U6
		Q9UN86
		B8ZZ87
		F8WDH1
		J3KP75
		Q96D71
		Q5U8S2
		O60869
		P01717
		P20472
		P24158
		P34810
		P52888
		Q12981
		Q6ZWT7
		Q96BX8
		Q96K19
		Q96NT0
		Q96S44
		Q9H4L5
		Q9NRX2
		Q9NRY4
		Q9NS86
		Q9Y3B1
		Q9Y6G5
		O00214
		O00501
		O75746
		O94855
		P22352
		P30460
		P55008
		P80748
		Q5M8T2
		Q86WR0
		Q8NB16
		Q9BYD1
		Q9GZT8
		Q9H7Z7
		Q9UMS0
		Q9UPY6
		Q9Y2G2
		A2RTX5
		A8MYT4
		B4DTY9
		B7Z3C7
		C9JUH3
		E9PF19
		P07902
		P39019
		P49754
		Q0VGL1
		Q5T2T1
		Q5VIR6
		Q8N2F6
		Q9BU02
		Q9H3H3
		Q9HA77
		Q9Y6W3
		H3BTL1
		Q9BUE6
		E7EPN9
		P62277
		Q13630
		Q5VZE5
		Q86TX2
		Q8N5N7
		Q8WU76
		Q92947
		Q96B45
		Q9BYV8
		Q9NXA8
		A6NGU5
		O60502
		E9PK80
		J3QRG5
		O14656
		P02792
		Q6NXS1
		P46821
		Q15717
		Q8N0U8
		Q8N183
		Q8TB40
		Q99447
		Q9GZQ3
		Q9HD33
		F2Z2X4
		O14545
		P05090
		P78356
		Q15120
		Q8IWJ2
		Q8N8S7
		Q8WZ42
		Q96BY7
		Q9H4A5
		U3KQB3
		Q9NWU2
		Q9NX20
		A6NGJ0
		A6NIH7
		A8MUM1
		G3V4K3
		O95486
		P23610
		P43490
		P53384
		P83436
		Q0VDG4
		Q9BRF8
		Q9UPY3
		B4DHY1
		Q96DT0
		P03956
		P03989
		P18124
		P22626
		P36406
		Q03591
		Q13614
		Q5K4L6
		Q5VZ66
		Q8IYU8
		Q93100
		Q96DE0
		Q96IV0
		Q99766
		Q9UBB4
		A6NDG6
		Q16537
		E7ENN3
		K7ER00
		P10398
		P80217
		Q14061
		Q6IA17
		Q6NUQ1
		Q8N556
		Q8TF05
		Q86X10
		B5MCR8
		F5H619
		O43592
		P01880
		P06280
		P20933
		P49770
		Q13017
		Q15643
		Q2M389
		Q3YEC7
		Q68BL7
		Q7Z6K5
		Q96HD1
		Q99614
		Q9UHJ6
		Q9Y4K3
		B4DGU4
		E9PFR3
		H3BS10
		O43390
		O75324
		P10646
		P12273
		P35749
		P61457
		P62837
		Q12800
		Q2TAA2
		Q5TDH0
		Q86V87
		Q8IYS2
		Q8TCS8
		Q96K17
		Q9BRV8
		Q9BYM8
		Q9Y3A6
		Q9Y3D3
		Q9Y3L3
		E9PFK9
		E7ER77
		H3BQV3
		O15270
		O60232
		O95379
		Q13439
		Q16134
		Q3KQZ1
		Q6AZY7
		Q8N5C8
		Q96BZ9
		Q96DG6
		Q96FH0
		Q96QR8
		Q9NRB3
		Q9UBP0
		Q9UH92
		A1L0T0
		A4UGR9
		B7Z2R9
		P01031
		P08493
		P09871
		P19875
		P22033
		P23434
		Q13740
		Q562E7
		Q6NYC8
		Q99538
		Q8NBN7
		Q8TBQ9
		Q8TEQ0
		Q96AB3
		Q99757
		Q9BZM1
		Q9NX08
		Q9P0N8
		Q9UKR5
		Q9Y2G3
		E9PE82
		P10620
		P29353
		P63096
		Q04771
		Q15738
		Q3SXM5
		Q96DZ1
		Q96E11
		Q99828
		Q9C0H2
		Q9NW61
		Q9P0S3
		E9PF16
		B4DTC3
		P51790
		E7ENL6
		E7EP72
		F5H5R8
		P00748
		P08246
		P48729
		P62263
		P84090
		Q13643
		Q13795
		Q15006
		Q460N5
		Q53S48
		Q6ZN40
		Q8IWP9
		Q8NEW0
		Q92696
		Q96PP9
		Q9BTE6
		K7EMV3
		E9PQ57
		O60449
		O95456
		P08519
		P60604
		Q08623
		Q15654
		Q6ZUT6
		Q7Z3V4
		Q8NDC0
		Q9H1Y0
		Q9H5X1
		Q9NZ01
		Q9UK45
		B7Z6M6
		F8WBZ3
		H0YNP1
		K7EPR0
		M0QZN2
		O43402
		O43464
		P11117
		P15311
		P16035
		P50238
		P51795
		P53611
		P62633
		Q5JTJ3
		Q6R327
		Q8NHG8
		Q92934
		Q96GK7
		Q96HV5
		Q99698
		Q9BUB5
		Q9BXK5
		Q9BZL1
		Q9H008
		Q9NQ34
		H3BMQ0
		B8ZZX2
		H7C1J4
		J3KQ48
		K7EJ28
		O75962
		P08913
		P30519
		P54619
		Q08211
		Q13505
		Q14197
		Q5J8M3
		Q6PKG0
		Q6ULP2
		Q86VH2
		Q8IXQ6
		Q8NI08
		Q9NRA8
		Q9ULZ3
		B3KS98
		G3V4U0
		J3KPK1
		J3KQJ1
		O43741
		O75477
		P16435
		P20160
		P51649
		P62851
		P62888
		Q2PZI1
		Q6UXH1
		Q96C23
		Q9NZJ9
		Q9UBV2
		Q9Y4Z0
		E9PIP3
		E9PL09
		K7ELG9
		O94830
		P31415
		P31949
		P55039
		Q16851
		Q6DN12
		Q96EM0
		Q9NXC5
		Q9P299
		Q9Y5Q8
		O00115
		D6R9P3
		Q8NHP8
		O95685
		P01861
		P04003
		P11678
		P14649
		P30039
		P35858
		P36955
		Q08043
		Q14746
		Q2LD37
		Q2M2I8
		Q5T3F8
		Q6UY01
		Q7L523
		Q8N335
		Q92692
		Q96DV4
		Q96Q05
		Q9BPX7
		Q9BUH6
		Q9H7D7
		Q9Y3R0
		A5A3E0
		B3KY94
		Q9BT22
		G5E9Q7
		E7EVC7
		Q5VZZ6
		F2Z2U4
		O43809
		O96013
		P27448
		P48506
		P56962
		Q13825
		Q5XPI4
		Q6L8Q7
		Q7L8L6
		Q8TBX8
		Q8TEQ6
		Q8WTR2
		Q96CN9
		Q96EP5
		Q96PD5
		Q96PE7
		Q96S59
		Q96SW2
		Q9BQI6
		Q9BSH4
		Q9BV81
		Q9BVG4
		Q9H2J4
		Q9H2W6
		Q9Y2V7
		F5H702
		Q8WWA1
		E7EV84
		E7EVJ3
		F5H0M4
		O00408
		G3V1S6
		H3BUM8
		I3L3P7
		O15438
		Q5H8X8
		P01591
		P31431
		P62241
		Q13363
		Q5TGZ0
		Q96ER9
		Q96HJ9
		Q9BT73
		Q9NVH1
		Q9NVT9
		Q9Y616
		Q15628
		Q76N89
		Q8NHH9
		E9PQN9
		H0YLN8
		O60547
		O75208
		O95159
		O95427
		P02741
		P25942
		P35221
		P52758
		P62306
		P62316
		Q03013
		Q13303
		Q14376
		Q16873
		Q2KHT3
		Q5T2E6
		Q5VWJ9
		Q6UWP7
		Q6Y7W6
		Q8N6L1
		Q8WVT3
		Q969Z0
		Q96SM3
		A8MUA9
		G3XAN8
		I3L3X5
		K4DI92
		M0R2G3
		O15211
		O94822
		O95816
		P05388
		P13533
		P15880
		P22570
		P62249
		Q12986
		Q15027
		Q8IWR0
		Q8N1A6
		Q8NBU5
		Q8TBA6
		Q969Q5
		Q96JB2
		Q9NZC3
		Q8N668
		Q6GYQ0
		E9PKG1
		Q99700
		Q8NHV4
		Q5T0V0
		P13671
		P33908
		Q14410
		Q15650
		Q3ZCQ8
		Q9UJY5
		Q6NUK4
		Q8IUZ5
		Q8IXI2
		Q8N983
		Q96BN8
		Q96CN4
		Q9BXB4
		Q9NWW6
		Q9P0M9
		Q9UIL1
		S4R403
		Q9Y3C4
		A8MTY9
		E5RGS2
		F8W9X7
		Q15555
		O15294
		O43353
		P19652
		P29622
		P50440
		P54652
		Q06203
		Q13155
		Q13268
		Q6QNY1
		Q86X55
		Q9H553
		Q9H9H4
		Q9NYA1
		Q9NZD4
		Q9UBF8
		Q9Y3D0
		Q9Y3L5
		B7ZAX5
		C9JA08
		E9PHG5
		P01614
		P62699
		Q13885
		Q16563
		Q5VTQ0
		Q6Q759
		Q7Z4H3
		Q7Z7F7
		Q8N9F7
		Q8NHZ8
		Q96K37
		Q96NW4
		Q9H257
		Q9H2I8
		Q9NPG3
		Q9ULP9
		C9JJ19
		D6R938
		G3V1P3
		Q99836
		O00506
		O43752
		P03973
		P12882
		P43652
		P49662
		P51811
		P61599
		Q08AE8
		Q12802
		Q13443
		Q16611
		Q3KRA6
		Q6ZT21
		Q86X83
		Q8N3F8
		Q96A73
		Q96EC8
		Q96RF0
		Q96TC7
		Q9BVA0
		Q9BW62
		Q9BYC8
		Q9BYI3
		Q9H0W8
		Q9HB90
		Q9NZD8
		B3KW14
		P22692
		C9JKL2
		E7EQL8
		F5GWI9
		F5H6G9
		G3V5X4
		J3QLS3
		O60783
		P01766
		P05019
		P12829
		Q08AG7
		Q53GL0
		Q5JUW8
		Q5SGD2
		Q5VSL9
		Q6UWP8
		Q6YP21
		Q86X19
		Q92583
		Q9H2K0
		Q9P0J7
		Q9Y243
		E7ERK9
		F5H2T0
		G5E9W8
		I3L3R3
		O95376
		P01130
		P22001
		P26572
		P30281
		P45985
		P49326
		P53602
		P61812
		Q14739
		Q3KQV9
		Q5JTZ9
		Q5T1C6
		Q5TC84
		Q8TAE8
		Q92608
		Q96SU4
		Q9BQ24
		Q9BWH2
		Q9BYD2
		Q9H336
		Q9H773
		Q9ULT8
		Q9Y4E6
		Q9Y5X2
		A8MUS3
		P40818
		O15523
		E9PRQ7
		F5GX77
		F5H1Y4
		G3V5L1
		O43175
		O95716
		P15529
		P61962
		Q03001
		Q15797
		Q2TAA5
		Q5NDL2
		Q6QNY0
		Q7Z7E8
		Q8IXM3
		Q8NI22
		Q8TAG9
		Q9H832
		Q9Y478
		Q9Y5S9
		S4R3H3
		D6RAR2
		O14874
		E9PDE8
		E9PKT4
		F5H269
		F5H6Z0
		G3V5N8
		O75027
		K7ER74
		P13727
		P17050
		P35568
		Q4AE62
		Q6PCB7
		Q86V48
		Q8N4Q1
		Q96KR6
		Q99550
		Q9H019
		Q9H1K0
		Q9NRZ7
		Q9Y3E7
		Q9Y6K5
		A6NEM2
		Q9ULH7
		B7Z8V7
		F8VW41
		E9PC47
		F5GY80
		G3V0E4
		H0YN26
		H6UMI1
		J3KQ66
		J3QRJ1
		J3QQY2
		O15204
		O43572
		O60701
		O96019
		P01700
		P01624
		P16403
		P30466
		P31151
		P41208
		P46781
		P49406
		P51991
		P56277
		P62714
		P83111
		Q14997
		Q5JR04
		Q6YN16
		Q7Z2W9
		Q8N4Q0
		Q8N9A8
		Q96LJ7
		Q9BRP4
		Q9BSF4
		Q9H5N1
		Q9P219
		Q9UKU7
		A8CTZ0
		F8VXI9
		G3V153
		H0YNP9
		M0R3D4
		O60237
		O75061
		P39880
		P55789
		P60763
		P61247
		P83876
		Q15785
		Q5TA50
		Q5VTI5
		R4GMU7
		Q6NSW5
		Q7L1T6
		Q8N0X7
		Q8TD43
		Q8WY22
		Q96EK5
		Q96HY6
		Q96L92
		Q96S99
		Q9BQQ3
		Q9BRT2
		Q9BS92
		Q9BSL1
		Q9BXV9
		Q9BYN0
		Q9H0J9
		Q9H6S0
		Q9NPF2
		Q9Y5J6
		C9J1X0
		E7ETU9
		H3BRF9
		O95394
		P03897
		P15954
		P26583
		P49184
		P52815
		Q09328
		Q12955
		Q13322
		Q14790
		Q53QZ3
		Q5R372
		Q7Z3D6
		Q8IYB7
		Q96IW7
		Q9BSK0
		Q9H0U6
		Q9H492
		Q9HD15
		Q9NPA8
		Q9NX55
		Q9UGJ1
		A6NCL7
		Q6PHR2
		H7C3P4
		E5RJM0
		D6RAC2
		F5H4S8
		H3BM50
		J3KN66
		J3KNL7
		O15228
		O75436
		P01185
		P07357
		P13674
		P19623
		P30536
		P31947
		P58107
		Q14653
		Q29960
		Q8IX07
		Q8ND76
		Q92805
		Q96BQ5
		Q99996
		Q9BSU1
		Q9H082
		Q9NPY3
		Q9Y2S6
		Q9Y4X5
		Q9Y679
		A4D1B5
		C9JJN9
		D6RF48
		E9PDF1
		Q13190
		J3KNN3
		J3KT73
		O14639
		O75113
		O76071
		O96008
		P00414
		P11166
		P33897
		P51397
		P51689
		Q04656
		Q15223
		Q5R3I4
		Q6PJF5
		Q7LBR1
		Q8N0Z6
		Q8N5M9
		Q8NCE2
		Q96PY6
		Q96Q11
		Q9Y2D2
		Q9BYX7
		Q9C037
		Q9GZP8
		Q9H061
		Q9HA47
		Q9NRK6
		Q9NSU2
		Q9NXR7
		Q9P1U1
		Q9P2E3
		Q9Y680
		B4DKD6
		Q86X29
		B7Z3R2
		E7EQA9
		E7ET49
		J3KS81
		Q5T321
		F8W7U3
		G5E9Z2
		H3BRX0
		J3KNB4
		P10153
		P42575
		P50336
		P55210
		P61326
		Q12933
		Q14108
		Q14CX7
		Q5JU69
		Q5T2D2
		Q6UWD8
		Q6ZS11
		Q7Z7A1
		Q8WU90
		Q8WUX2
		Q93015
		Q969E2
		Q969S9
		Q9BRZ2
		Q9BW91
		Q9NP90
		Q9NSK7
		Q9NSY1
		Q9UKA8
		Q9Y4P1
		Q9Y547
		B1AHC9
		Q13325
		Q8IUG5
		Q5TBB1
		O95248
		U3KQD2
		J3KTA1
		O14908
		O15121
		O15169
		O43677
		P17931
		P31025
		P52294
		Q05086
		Q14185
		Q15031
		Q15526
		Q31610
		Q5VYS8
		Q6P179
		Q6P1N0
		Q7Z6L1
		Q92574
		Q9BZW8
		Q9C0B5
		Q9H0F7
		Q9H871
		Q9H9A5
		Q9NVE4
		Q9NYJ8
		Q9P015
		Q9UGR2
		Q9UKI8
		Q9Y217
		Q9Y2G8
		Q9Y6B7
		A7KAX9
		B0QYW5
		B1AKV4
		B4DEX5
		B8ZZN6
		B8ZZQ6
		B9A057
		Q8N2C7
		E7ESS3
		F8VU90
		G3V1N2
		J3KT51
		K7ERG9
		K7ERS5
		K7ES93
		O15239
		P05937
		P14780
		P15927
		P28907
		P30499
		P36980
		P49069
		P49788
		P49908
		P51157
		P52272
		Q06136
		Q16378
		Q5JTD0
		Q5T764
		Q6DN14
		Q86T03
		Q86YN1
		Q8IY26
		Q8NBM4
		Q8NBZ7
		Q8NC51
		Q8NHP6
		Q8WW22
		Q8WWC4
		Q92539
		Q96EL3
		Q96F86
		Q9BU23
		Q9GZX9
		Q9NPF4
		Q9NZ09
		Q9UHY8
		Q9UIV1
		Q9UQL6
		B4DK95
		J3KMY5
		G3XAG5
		C9J5W6
		D6RF92
		Q96EY1
		F8W543
		O75674
		J3QTA2
		K4DI93
		K7EKI4
		O00602
		O15013
		O76095
		O95758
		P05546
		P10586
		P16389
		P27701
		P40855
		Q15437
		Q16513
		Q4G0I0
		Q5EG05
		Q5QJ74
		Q5VW36
		Q86TS9
		Q86VR2
		Q8N5X7
		Q8N6M0
		Q92508
		Q92878
		Q969P0
		Q96A35
		Q96PU8
		Q96RQ3
		Q9BSW2
		Q9HBH5
		Q9Y689
		Q9NQA3
		A8MXV4
		B1AL69
		C9IYN7
		C9J0A7
		D6RGX2
		E9PMI6
		J3KNB8
		F6RY50
		F8VQZ7
		F8VVS7
		F8W8I6
		G5E9E7
		J3QLC8
		J9JIC5
		Q08E86
		O15235
		O43291
		O75937
		O95999
		P01780
		Q5RJ85
		P31645
		P31944
		P80511
		P86791
		Q13239
		Q4VXZ8
		Q69YU5
		Q7L5Y1
		Q7Z7N9
		Q86TB9
		Q8N2K1
		Q8NDI1
		Q8TB36
		Q8WXX5
		Q92843
		Q96AQ8
		Q96RD7
		Q9BUN5
		Q9H993
		Q9NXL6
		Q9UK08
		F8W9L0
		O96005
		E9PGA7
		F2Z3A6
		F5GWP8
		O00160
		P07099
		P15056
		P18428
		P55011
		P78560
		Q00653
		Q5T8C6
		Q14160
		Q15904
		Q16774
		Q53ET0
		Q5T6J7
		Q674X7
		Q6UWE0
		Q8N0W3
		Q8NCC3
		Q8TAC2
		Q8TF74
		Q96EQ0
		Q96F46
		Q96GA7
		Q96N66
		Q96NA2
		Q96NT1
		Q99720
		Q9BQ69
		Q9C0D9
		Q9HA65
		Q9UKL6
		Q9Y2U5
		H3BTQ9
		Q13228
		B1AVQ7
		C9JVN9
		E9PH58
		G5E972
		O60739
		O75339
		P05154
		P07451
		P0C7P4
		P12724
		P15924
		P23141
		P35240
		P52564
		Q12767
		Q15283
		Q15427
		Q4G148
		Q5T6V5
		Q5U5X0
		Q7Z3D4
		Q8IWA4
		Q8IWT0
		Q8IYU2
		Q8N2K0
		Q8N5M1
		Q8NFF5
		Q96B23
		Q96FN4
		Q96HE7
		Q9BQC6
		Q9BXW6
		Q9H1I8
		Q9H6T3
		Q9NSA3
		Q9NWU1
		Q9NY15
		Q9UHG3
		H0YKQ8
		R4GMX8
		Q96F24
		B4E1Q4
		P62070
		E7EPB3
		G5EA37
		H0YMV8
		O60333
		O95084
		P01611
		P06899
		P0DOY2
		P0DOY3
		P10114
		P30455
		P42336
		P51911
		P60484
		P60880
		P62253
		P78352
		Q01995
		Q08554
		Q16186
		Q16540
		Q587I9
		Q5I7T1
		Q5T440
		Q7KZN9
		Q7L0J3
		Q7Z403
		Q86U28
		Q86VX2
		Q8N5W9
		Q8NFH3
		Q8TBE9
		Q8WVX3
		Q8WYL5
		Q8WZA9
		Q96P53
		Q96SJ8
		Q9H2C0
		Q9NSB8
		Q9NSK0
		Q9NZI7
		Q9UI26
		Q9Y2Y8
		S4R3N9
		E9PKY3
		B3KVY5
		Q96BW9
		Q96AG3
		Q9Y2H1
		C9JQV6
		D6RD58
		D6RF86
		F8W7C6
		F8WF48
		O14925
		O94916
		P09769
		P16452
		P18464
		P41218
		S4R3Z2
		P49459
		P50053
		P60510
		P82921
		Q01543
		Q09666
		Q14694
		Q16627
		Q16854
		Q6PJ69
		Q6ZSZ5
		Q7Z6V5
		Q8N122
		Q8NBN3
		Q8NC44
		Q8TDH9
		Q92575
		Q92982
		Q9BUE0
		Q9BVT8
		Q9H936
		Q9NPB8
		Q9NXH9
		Q9UBV8
		Q9UHD9
		Q9UKV8
		A3KMH1
		B1ANR0
		B4DRN8
		E9PDN5
		F5GX88
		F8WCM7
		F5H527
		F8W6I7
		G8JLG1
		H0Y3H2
		I3L1R6
		M0QZ43
		O75175
		O75425
		O75594
		O75828
		O95749
		P25815
		P31995
		P34931
		P35542
		P50897
		P84074
		Q2TAZ0
		O43760
		Q4LDE5
		Q5JS54
		Q5TFE4
		Q5TZA2
		Q712K3
		Q86UU1
		Q8IWT6
		Q8TE02
		Q96A05
		Q96C36
		Q9BPZ3
		Q9BU61
		Q9BVA1
		Q9BWL3
		Q9C0F1
		Q9H6A0
		Q9NWM8
		Q9NWT6
		Q9P0N9
		Q9P0R6
		Q9UGP8
		Q9UNP9
		Q9UQE7
		Q9Y6M4
		A5D8V6
		Q6P2P2
		B4DVH1
		Q8ND56
		B7ZBQ3
		E9PER6
		D6RD74
		E5RFN6
		E9PCB6
		F8VUJ3
		H3BVI7
		O00481
		O14893
		P02750
		P04430
		P07288
		Q71UI9
		P30484
		P30504
		P32121
		P32969
		P35626
		P40337
		P40429
		P51668
		P62304
		Q02413
		Q03154
		Q08830
		Q12769
		Q14520
		Q15233
		Q15256
		Q15751
		Q5T5Y3
		Q6ICB4
		Q70CQ4
		Q70UQ0
		Q86UL3
		Q8IU85
		Q8N9N2
		Q8WTS1
		Q96DA0
		Q96KC8
		Q96ND0
		Q9BRJ2
		Q9BRX2
		Q9H0F6
		Q9H2P9
		Q9H6U8
		Q9HCE0
		Q9NP73
		Q9NX46
		Q9NX62
		Q9UBM7
		Q9UI38
		Q9UPM8
		Q9Y303
		Q9Y3X0
		Q9Y530
		A0MZ66
		A8K8G0
		Q53HC0
		P23443
		P84103
		B7Z3K1
		C9J1X3
		P52434
		F8WAZ5
		E9PJ55
		E9PPF2
		G3V203
		K7EQT7
		O43567
		O43805
		O75326
		Q5SRP5
		O95497
		O95822
		P01112
		P02008
		P07320
		P08697
		P09210
		P0DJI8
		P20020
		P32455
		P35658
		P46060
		P46527
		P48454
		P48960
		P53999
		P55345
		P57057
		P62854
		P78330
		Q07000
		Q14914
		Q5SZR4
		Q6ZSR9
		Q9UG63
		Q8IWF6
		Q8TEA7
		Q8WV41
		Q8WV92
		Q92551
		Q969M3
		Q96C90
		Q96HF1
		Q96RQ1
		Q99567
		U3KQF4
		Q9BXH1
		Q9H2X8
		Q9HD34
		Q9NPB1
		Q9NQS1
		Q9NYK5
		Q9P032
		Q9P1Q0
		Q9UBB6
		Q9UHN6
		Q9ULC3
		Q9Y276
		Q9Y291
		Q9Y4F9
		A6NHL2
		A8MXB7
		B3KSC2
		Q969M1
		E9PBF6
		E9PQG4
		Q5SVJ7
		G3V2M0
		G3XAK1
		G5E979
		H3BPE7
		J3KN67
		J3KTL2
		M0QZC5
		O60361
		O75312
		O75394
		P04921
		P12277
		P15104
		P17213
		P20337
		P22792
		P29762
		P32456
		P36578
		P46783
		P46926
		P49419
		P51798
		P54687
		Q08357
		Q13371
		Q13541
		Q15113
		Q15274
		Q15645
		Q5VUM1
		Q6N069
		Q6ZNE5
		Q7L0Y3
		Q86W92
		Q8NCS4
		Q8NDX1
		Q8NI37
		Q8TC05
		Q96CT7
		Q96EY7
		Q96NB2
		Q9BV57
		Q9BX69
		Q9H1A4
		Q9H305
		Q9H4A9
		Q9P225
		Q9Y3E2
		Q9Y5X4
		A6NFV8
		A6NLH6
		B1AHD1
		B1P7G3
		B3KWW1
		Q9H115
		B4DRL9
		B4DX42
		B4E220
		B7Z341
		Q9NTN3
		B7Z896
		B8ZZW5
		C4B7M2
		D6RA24
		O00330
		Q13621
		P07911
		J3KPF9
		F8VYK9
		G3V1A1
		G3V1B3
		I3NI32
		O00187
		O00468
		O75063
		O75901
		O94898
		O94915
		O95210
		O95628
		P01019
		P01597
		Q30118
		P02808
		P05091
		P08123
		P11215
		P16401
		P23470
		P26373
		P29728
		P38571
		P60903
		P78410
		P82673
		P98160
		Q13469
		Q13488
		Q14651
		Q53S33
		Q5MNZ6
		Q6NZI2
		Q6PI78
		Q7L4E1
		Q86SR1
		Q86TM6
		Q86YB8
		Q8N8J7
		Q8TBP6
		Q8TCC3
		Q96I24
		Q96RG2
		Q96S82
		Q9BR09
		Q9BVV7
		Q9BZE1
		Q9H8M7
		Q9NPR9
		Q9NUQ2
		Q9NVS2
		Q9NZN4
		Q9P265
		Q9P2M4
		Q9UI46
		Q9UJX3
		Q9UPQ9
		Q9Y295
		Q9Y5B0
		S4R360
		A8K7Q2
		D3DSM0
		A8MYR4
		B3KQC5
		O60266
		P62318
		C9IZL5
		C9JES7
		Q96QU8
		E7ETU7
		F5GWI4
		F8VV59
		F8VZX2
		G3V5X7
		H3BQQ2
		H7C613
		I3L2W5
		J3QS41
		J3QQQ9
		M0R0G9
		O00165
		O15040
		O43237
		O43653
		O43820
		O43822
		U3KPU7
		O75506
		O76094
		O94992
		P01593
		P01764
		P01877
		P02747
		P02810
		P03915
		P04839
		Q93077
		P05026
		P0C025
		P10412
		P13746
		P13929
		P15309
		P27169
		P30456
		P55774
		P55795
		P68133
		P82664
		Q10469
		Q15119
		Q15431
		Q2NL82
		Q53FV1
		Q5JTA5
		Q5TEJ8
		Q6DKJ4
		Q6NXR6
		Q6P4F2
		Q8IUC4
		Q8IVD9
		Q8NBI6
		Q8NC56
		Q8ND04
		Q8ND24
		Q8ND90
		Q8TAA5
		Q92828
		Q93096
		Q96AJ9
		Q96EL2
		Q96JA1
		Q9BWJ5
		Q9GZZ8
		Q9H840
		Q9NP92
		Q9NQ11
		Q9NVV4
		Q9NWS0
		Q9NZT2
		Q9UJX2
		Q9UQ35
		Q9Y584
		Q9Y617
		A2A2V4
		A6NC89
		A6NFQ2
		F8W7U8
		Q6ZN50
		J3KNN7
		E9PEB5
		Q15438
		E5RJC0
		E9PFX6
		E7EMV7
		E7EMZ9
		E7ESL0
		E7EWM1
		G3V1E0
		E9PLM6
		E9PND3
		G3V1V0
		G3V2F7
		G3V350
		H0YLA2
		J3KNP4
		J3QRT6
		K7EIU8
		K7ELS0
		K7EN05
		M0R2A0
		O00273
		O00587
		O75030
		P01701
		P06310
		P0DJI9
		P14222
		P16402
		P01619
		P19338
		P27482
		P33241
		P45984
		P47914
		P47929
		P52790
		P56645
		P59768
		P62913
		P82912
		P84077
		Q00839
		Q49AS9
		Q13509
		Q15040
		Q16760
		Q52LJ0
		Q58A45
		Q6IPX3
		Q5RKV6
		Q60I27
		Q6PML9
		Q6UUV7
		Q6UX06
		Q7Z4I7
		Q86Y38
		Q86YV9
		Q8IWA0
		Q8IY21
		Q8IZQ5
		Q8NB90
		Q8TDN4
		Q969F1
		Q969G6
		Q969U6
		Q96BP2
		Q96DU3
		Q96F85
		Q96NL8
		Q96Q42
		Q9BQ70
		Q9BUB7
		Q9BUT1
		Q9BX59
		Q9BXX2
		Q9BZK7
		Q9H6E4
		Q9HCY8
		Q9NU23
		Q9NZQ7
		Q9P0U1
		Q9UBR2
		Q9UH65
		Q9UH90
		Q9UIG8
		Q9UL54
		Q9Y3I1
		Q9Y508
		A1L390
		A6NIZ1
		B0QY95
		B1AK85
		B1AKC9
		B1AMW1
		E7EPW2
		B4DGM3
		B4DHB5
		B4DJI7
		B4DR61
		Q92598
		B9A034
		D6RFH3
		D6RIS4
		P24557
		F2Z3M0
		Q9Y536
		F5H385
		G5E9W7
		J3KS54
		J3QLI9
		K7EIG9
		O00522
		O43602
		P0DJJ0
		O75419
		O75891
		O94979
		O95363
		P01615
		P01706
		P04350
		P0C2W1
		P10253
		P10319
		P13164
		P20039
		P27816
		P29966
		P30837
		P40222
		P41181
		P46199
		P50851
		P54852
		U3KQK0
		Q01650
		Q05707
		Q12965
		Q13555
		Q14643
		Q53TN4
		Q5VZU9
		Q6ICL3
		Q6NUJ1
		Q6ZNW5
		Q6ZV70
		Q86VX9
		Q8IWV2
		Q8IY92
		P51452
		Q9BSY4
		Q8NFI4
		Q8TBP5
		Q8TEB1
		Q8WTQ4
		Q8WXD5
		Q96HY7
		Q99719
		Q9BQG2
		Q9BTX7
		Q9BUM1
		Q9BVN2
		Q9H330
		Q9HC16
		Q9NQ89
		Q9NRR5
		Q9NRZ5
		Q9NZL4
		Q9UHF1
		Q9UKT5
		Q9UM07
		Q9Y6M5
