O75594	10000	U3KQU4
F8W6I7	10000	U3KQU1
P20020	10000	U3KQK0
P06899	10000	U3KQF4
Q4LDE5	10000	U3KQD2
P41218	10000	U3KQB3
P16403	10000	U3KQ99
P16452	10000	U3KQ30
G3V1A1	10000	U3KPW6
O75394	10000	U3KPU7
M0QWZ9	10000	S4R403
Q13541	10000	S4R3Z2
P46783	10000	S4R3N9
O94898	10000	S4R3N1
Q5JS54	10000	S4R3H3
Q29960	10000	S4R3E9
Q9UBB6	10000	S4R360
Q8IU85	10000	R4GNH3
P0DJI8	10000	R4GNB2
Q9C0F1	10000	R4GN72
P09769	10000	R4GMX8
Q9UHN6	10000	R4GMX0
Q13371	10000	R4GMU7
Q9NZN4	10000	R4GMR5
Q9Y303	10000	Q9Y6X5
Q9P2M4	10000	Q9Y6W5
Q8WV92	10000	Q9Y6W3
J3KQ66	17.63605515	Q9Y6N5
Q96N66	8.664127693	Q9Y6M9
Q6UWE0	7.636648614	Q9Y6M5
E9PH58	7.307215363	Q9Y6M4
Q2TAZ0	6.74537272	Q9Y6K5
H0YMV8	6.717395522	Q9Y6I9
E7EMX2	6.53958726	Q9Y6I3
Q96FN4	6.410783063	Q9Y6H1
Q9NPA8	6.121612087	Q9Y6G9
P56181	5.958601277	Q9Y6G5
Q9Y6K5	5.567163326	Q9Y6E2
J3KS81	5.162708051	Q9Y6E0
G5E933	4.423842691	Q9Y6D6
Q86VR2	4.34257812	Q9Y6D5
P22626	3.832807383	Q9Y6C9
P33908	3.663771741	Q9Y6C2
P08311	2.88467114	Q9Y6B7
P03973	2.733451992	Q9Y6B6
Q9NZJ9	2.551583558	Q9Y6A9
P62805	2.490129452	Q9Y6A5
P62263	2.449361081	Q9Y696
H7C1J4	2.444225539	Q9Y689
P04083	2.390468911	Q9Y680
P02792	2.377403742	Q9Y679
P02549	2.089381558	Q9Y678
Q6ZWT7	2.085830181	Q9Y673
P13796	2.08306653	Q9Y624
Q9UPN4	2.003096655	Q9Y619
Q9Y5P4	1.778083273	Q9Y617
Q63HN8	1.696956255	Q9Y616
P06702	1.656755421	Q9Y613
P12955	1.603045541	Q9Y608
P05109	1.576747604	Q9Y5Z4
J3KNL6	1.551647697	Q9Y5Y2
Q9NPB1	-10000	Q9Y5X4
E9PQG4	-10000	Q9Y5X3
Q9BZE1	-10000	Q9Y5X2
Q9Y291	-10000	Q9Y5X1
P02810	-10000	Q9Y5U9
Q5JTA5	-10000	Q9Y5S9
Q9UQ35	-10000	Q9Y5S2
P49788	-14.04431686	Q9Y5R8
Q15904	-7.187967395	Q9Y5Q8
Q86VX2	-6.832643728	Q9Y5P6
P30499	-4.612348216	Q9Y5P4
P28907	-4.441054999	Q9Y5M8
Q8WTR2	-2.925073882	Q9Y5L4
M0R2G3	-2.690432668	Q9Y5K8
Q95365	-2.54752609	Q9Y5K6
Q5VZ66	-2.280238559	Q9Y5J7
P20472	-2.207937265	Q9Y5J6
Q9H4L5	-2.01015174	Q9Y5B0
G8JLE0	-1.714315984	Q9Y584
P04196	-1.626157294	Q9Y570
Q9UKW4	-1.598039655	Q9Y547
E9PGF5	-1.588023904	Q9Y536
Q08426	-1.579981967	Q9Y530
Q9NZ08	-1.546756298	Q9Y512
		Q9Y508
		Q9Y4Z0
		Q9Y4X5
		Q9Y4W6
		Q9Y4P1
		Q9Y4K4
		Q9Y4K3
		Q9Y4H2
		Q9Y4G8
		Q9Y4G6
		Q9Y4F9
		Q9Y4E8
		Q9Y4E6
		Q9Y4D1
		Q9Y490
		Q9Y487
		Q9Y478
		Q9Y450
		Q9Y3X0
		Q9Y3R0
		Q9Y3Q8
		Q9Y3Q3
		Q9Y3P9
		Q9Y3L5
		Q9Y3L3
		Q9Y3I1
		Q9Y3I0
		Q9Y3E7
		Q9Y3E2
		Q9Y3D6
		Q9Y3D3
		Q9Y3D0
		Q9Y3C8
		Q9Y3C6
		Q9Y3C5
		Q9Y3C4
		Q9Y3B1
		Q9Y3A6
		Q9Y3A5
		Q9Y394
		Q9Y385
		Q9Y376
		Q9Y371
		Q9Y333
		Q9Y316
		Q9Y315
		Q9Y305
		Q9Y303
		Q9Y2Z0
		Q9Y2Y8
		Q9Y2V7
		Q9Y2V2
		Q9Y2U5
		Q9Y2T2
		Q9Y2S6
		Q9Y2S2
		Q9Y2R0
		Q9Y2Q5
		Q9Y2Q3
		Q9Y2Q0
		Q9Y2L9
		Q9Y2L5
		Q9Y2J2
		Q9Y2I8
		Q9Y2H0
		Q9Y2G8
		Q9Y2G3
		Q9Y2G2
		Q9Y2D4
		Q9Y2B0
		Q9Y2A7
		Q9Y295
		Q9Y291
		Q9Y287
		Q9Y281
		Q9Y277
		Q9Y276
		Q9Y274
		Q9Y266
		Q9Y265
		Q9Y263
		Q9Y259
		Q9Y251
		Q9Y243
		Q9Y240
		Q9Y237
		Q9Y230
		Q9Y224
		Q9Y217
		Q9UQL6
		Q9UQE7
		Q9UQ80
		Q9UQ53
		Q9UQ35
		Q9UQ16
		Q9UQ13
		Q9UPY6
		Q9UPY3
		Q9UPU5
		Q9UPT5
		Q9UPQ9
		Q9UPN7
		Q9UPN4
		Q9UPM8
		Q9UP83
		Q9UNZ2
		Q9UNS2
		Q9UNP9
		Q9UNN5
		Q9UNM6
		Q9UNK0
		Q9UNH7
		Q9UNF1
		Q9UNF0
		Q9UNE7
		Q9UN86
		Q9UN37
		Q9UN30
		Q9UMZ2
		Q9UMY4
		Q9UMX5
		Q9UMX0
		Q9UMS0
		Q9UM07
		Q9ULZ3
		Q9ULV4
		Q9ULT8
		Q9ULQ0
		Q9ULP9
		Q9ULL4
		Q9ULH7
		Q9ULH1
		Q9ULH0
		Q9ULC5
		Q9ULC4
		Q9ULC3
		Q9UL54
		Q9UL46
		Q9UL26
		Q9UL25
		Q9UL18
		Q9UL15
		Q9UKY7
		Q9UKW4
		Q9UKV8
		Q9UKU7
		Q9UKT5
		Q9UKR5
		Q9UKL6
		Q9UKI8
		Q9UKG1
		Q9UKE5
		Q9UKA8
		Q9UK45
		Q9UK41
		Q9UK08
		Q9UJZ1
		Q9UJX3
		Q9UJX2
		Q9UJW0
		Q9UJU6
		Q9UJS0
		Q9UJC5
		Q9UJ70
		Q9UJ68
		Q9UIV1
		Q9UIQ6
		Q9UIL1
		Q9UIJ7
		Q9UII2
		Q9UIG8
		Q9UID3
		Q9UIC8
		Q9UIB8
		Q9UI46
		Q9UI38
		Q9UI26
		Q9UI12
		Q9UI09
		Q9UHY8
		Q9UHY7
		Q9UHY1
		Q9UHV9
		Q9UHQ9
		Q9UHQ4
		Q9UHN6
		Q9UHL4
		Q9UHJ6
		Q9UHG3
		Q9UHF1
		Q9UHD9
		Q9UHD8
		Q9UHD2
		Q9UHD1
		Q9UHB6
		Q9UHA4
		Q9UH92
		Q9UH90
		Q9UH65
		Q9UH62
		Q9UGR2
		Q9UGP8
		Q9UGP4
		Q9UGJ1
		Q9UG63
		Q9UFN0
		Q9UEY8
		Q9UEW8
		Q9UEU0
		Q9UDY2
		Q9UDW1
		Q9UDT6
		Q9UBW8
		Q9UBW5
		Q9UBV8
		Q9UBV2
		Q9UBS4
		Q9UBR2
		Q9UBQ7
		Q9UBQ0
		Q9UBP0
		Q9UBM7
		Q9UBI1
		Q9UBF8
		Q9UBF6
		Q9UBF2
		Q9UBC2
		Q9UBB6
		Q9UBB4
		Q9P2X0
		Q9P2R3
		Q9P2M4
		Q9P2E9
		Q9P2E3
		Q9P2D3
		Q9P299
		Q9P270
		Q9P266
		Q9P265
		Q9P260
		Q9P253
		Q9P225
		Q9P219
		Q9P1Z2
		Q9P1U1
		Q9P1Q0
		Q9P1F3
		Q9P126
		Q9P0U1
		Q9P0S9
		Q9P0S3
		Q9P0R6
		Q9P0N9
		Q9P0N8
		Q9P0M9
		Q9P0L0
		Q9P0J7
		Q9P0J1
		Q9P0I2
		Q9P035
		Q9P032
		Q9P015
		Q9P000
		Q9NZZ3
		Q9NZT2
		Q9NZQ7
		Q9NZQ3
		Q9NZN5
		Q9NZN4
		Q9NZN3
		Q9NZM3
		Q9NZL9
		Q9NZL4
		Q9NZJ9
		Q9NZI7
		Q9NZD8
		Q9NZD4
		Q9NZC3
		Q9NZB2
		Q9NZ52
		Q9NZ45
		Q9NZ43
		Q9NZ32
		Q9NZ09
		Q9NZ08
		Q9NZ01
		Q9NYU2
		Q9NYM9
		Q9NYL9
		Q9NYK5
		Q9NYJ8
		Q9NYA1
		Q9NY65
		Q9NY33
		Q9NY15
		Q9NXU5
		Q9NXR7
		Q9NXL6
		Q9NXH9
		Q9NXH8
		Q9NXC5
		Q9NXA8
		Q9NX76
		Q9NX62
		Q9NX57
		Q9NX55
		Q9NX46
		Q9NX40
		Q9NX20
		Q9NX14
		Q9NX08
		Q9NX01
		Q9NWZ3
		Q9NWW6
		Q9NWV4
		Q9NWU2
		Q9NWU1
		Q9NWT6
		Q9NWS0
		Q9NWM8
		Q9NW61
		Q9NW15
		Q9NVZ3
		Q9NVV4
		Q9NVT9
		Q9NVS2
		Q9NVM1
		Q9NVK5
		Q9NVJ2
		Q9NVI7
		Q9NVH1
		Q9NVG8
		Q9NVE7
		Q9NVE4
		Q9NV96
		Q9NV70
		Q9NUY8
		Q9NUU7
		Q9NUQ9
		Q9NUQ2
		Q9NUP9
		Q9NUP1
		Q9NUJ1
		Q9NUB1
		Q9NU23
		Q9NTX5
		Q9NTJ5
		Q9NTJ4
		Q9NT62
		Q9NSY1
		Q9NSU2
		Q9NSK7
		Q9NSK0
		Q9NSD9
		Q9NSB8
		Q9NSA3
		Q9NS86
		Q9NS69
		Q9NS28
		Q9NRZ7
		Q9NRZ5
		Q9NRY5
		Q9NRY4
		Q9NRX4
		Q9NRX2
		Q9NRW7
		Q9NRW4
		Q9NRW3
		Q9NRW1
		Q9NRV9
		Q9NRR8
		Q9NRR5
		Q9NRR3
		Q9NRP2
		Q9NRP0
		Q9NRN7
		Q9NRL3
		Q9NRK6
		Q9NRG1
		Q9NRF8
		Q9NRB3
		Q9NRA8
		Q9NRA1
		Q9NR50
		Q9NR45
		Q9NR31
		Q9NR28
		Q9NR19
		Q9NR12
		Q9NR09
		Q9NQW7
		Q9NQT8
		Q9NQS1
		Q9NQR4
		Q9NQP4
		Q9NQG7
		Q9NQE9
		Q9NQC3
		Q9NQA3
		Q9NQ89
		Q9NQ75
		Q9NQ34
		Q9NQ11
		Q9NPY3
		Q9NPR9
		Q9NPQ8
		Q9NPJ3
		Q9NPG3
		Q9NPF4
		Q9NPF2
		Q9NPB8
		Q9NPB1
		Q9NPA8
		Q9NPA0
		Q9NP97
		Q9NP92
		Q9NP90
		Q9NP79
		Q9NP73
		Q9NP72
		Q9NP58
		Q9HDC9
		Q9HD45
		Q9HD34
		Q9HD33
		Q9HD20
		Q9HD15
		Q9HCY8
		Q9HCU5
		Q9HCU4
		Q9HCN8
		Q9HCN6
		Q9HCM2
		Q9HCG7
		Q9HCE0
		Q9HCC0
		Q9HC38
		Q9HC35
		Q9HC16
		Q9HC07
		Q9HBM8
		Q9HBL7
		Q9HBI1
		Q9HBH5
		Q9HBH0
		Q9HB90
		Q9HB71
		Q9HB40
		Q9HB07
		Q9HAV7
		Q9HAV0
		Q9HAU5
		Q9HAT2
		Q9HAB8
		Q9HA77
		Q9HA65
		Q9HA64
		Q9HA47
		Q9H9H4
		Q9H9B4
		Q9H9A6
		Q9H9A5
		Q9H993
		Q9H939
		Q9H936
		Q9H8Y8
		Q9H8W4
		Q9H8S9
		Q9H8M7
		Q9H8H3
		Q9H871
		Q9H845
		Q9H840
		Q9H832
		Q9H7Z7
		Q9H7M9
		Q9H7J1
		Q9H7D7
		Q9H7D0
		Q9H7C9
		Q9H7B4
		Q9H773
		Q9H6U8
		Q9H6U6
		Q9H6T3
		Q9H6S0
		Q9H6Q3
		Q9H6E4
		Q9H6A0
		Q9H5X1
		Q9H5N1
		Q9H553
		Q9H4X1
		Q9H4M9
		Q9H4L5
		Q9H4I9
		Q9H4G4
		Q9H4B7
		Q9H4B6
		Q9H4A9
		Q9H4A6
		Q9H4A5
		Q9H492
		Q9H488
		Q9H479
		Q9H446
		Q9H444
		Q9H425
		Q9H3Z4
		Q9H3U5
		Q9H3U1
		Q9H3S7
		Q9H3P7
		Q9H3N1
		Q9H3K6
		Q9H3H3
		Q9H3G5
		Q9H336
		Q9H330
		Q9H305
		Q9H2X8
		Q9H2W6
		Q9H2U2
		Q9H2P9
		Q9H2M9
		Q9H2K8
		Q9H2K0
		Q9H2J4
		Q9H2I8
		Q9H2H8
		Q9H2G2
		Q9H2D6
		Q9H2C0
		Q9H299
		Q9H269
		Q9H267
		Q9H257
		Q9H223
		Q9H1Z4
		Q9H1Y0
		Q9H1P3
		Q9H1K0
		Q9H1I8
		Q9H1E5
		Q9H1B5
		Q9H1A4
		Q9H0X4
		Q9H0W9
		Q9H0W8
		Q9H0U6
		Q9H0U4
		Q9H0U3
		Q9H0R4
		Q9H0R3
		Q9H0P0
		Q9H0N5
		Q9H0J9
		Q9H0F7
		Q9H0F6
		Q9H0E2
		Q9H0B6
		Q9H098
		Q9H082
		Q9H074
		Q9H061
		Q9H019
		Q9H008
		Q9GZZ9
		Q9GZZ8
		Q9GZY8
		Q9GZY6
		Q9GZX9
		Q9GZU7
		Q9GZT8
		Q9GZT6
		Q9GZT3
		Q9GZS3
		Q9GZQ3
		Q9GZP8
		Q9GZP4
		Q9GZP0
		Q9GZN8
		Q9C0I1
		Q9C0H2
		Q9C0F1
		Q9C0D9
		Q9C0C9
		Q9C0B5
		Q9C037
		Q9BZW8
		Q9BZV1
		Q9BZQ8
		Q9BZM1
		Q9BZL4
		Q9BZL1
		Q9BZK7
		Q9BZH6
		Q9BZF9
		Q9BZF1
		Q9BZE9
		Q9BZE1
		Q9BZ72
		Q9BZ67
		Q9BYX7
		Q9BYV8
		Q9BYN0
		Q9BYM8
		Q9BYI3
		Q9BYD2
		Q9BYD1
		Q9BYC8
		Q9BYC5
		Q9BY43
		Q9BY32
		Q9BXX2
		Q9BXW6
		Q9BXV9
		Q9BXS5
		Q9BXK5
		Q9BXJ9
		Q9BXH1
		Q9BXB4
		Q9BX69
		Q9BX68
		Q9BX67
		Q9BX59
		Q9BX10
		Q9BWL3
		Q9BWJ5
		Q9BWH2
		Q9BWD1
		Q9BW91
		Q9BW83
		Q9BW62
		Q9BW04
		Q9BVV7
		Q9BVT8
		Q9BVN2
		Q9BVM4
		Q9BVK6
		Q9BVJ7
		Q9BVG9
		Q9BVG4
		Q9BVC6
		Q9BVA1
		Q9BVA0
		Q9BV81
		Q9BV57
		Q9BV40
		Q9BV20
		Q9BUT1
		Q9BUR5
		Q9BUP3
		Q9BUN5
		Q9BUM1
		Q9BUL8
		Q9BUH6
		Q9BUF5
		Q9BUE0
		Q9BUB7
		Q9BUB5
		Q9BUB1
		Q9BU61
		Q9BU23
		Q9BU02
		Q9BTZ2
		Q9BTX7
		Q9BTV4
		Q9BTE6
		Q9BTE1
		Q9BT78
		Q9BT73
		Q9BT23
		Q9BT09
		Q9BSY4
		Q9BSW2
		Q9BSU1
		Q9BSL1
		Q9BSK0
		Q9BSJ8
		Q9BSJ2
		Q9BSH5
		Q9BSH4
		Q9BSF4
		Q9BSF0
		Q9BSD7
		Q9BSB7
		Q9BS92
		Q9BS40
		Q9BS26
		Q9BRZ2
		Q9BRX2
		Q9BRV8
		Q9BRT3
		Q9BRT2
		Q9BRR6
		Q9BRP8
		Q9BRP4
		Q9BRJ7
		Q9BRJ2
		Q9BRG1
		Q9BRF8
		Q9BRA2
		Q9BR76
		Q9BR09
		Q9BQS8
		Q9BQQ3
		Q9BQI6
		Q9BQG2
		Q9BQE3
		Q9BQC6
		Q9BQ70
		Q9BQ69
		Q9BQ24
		Q9BPZ3
		Q9BPX7
		Q9BPX5
		Q9BPW8
		Q99996
		Q99969
		Q99961
		Q99959
		Q99952
		Q99878
		Q99836
		Q99832
		Q99828
		Q99816
		Q99805
		Q99766
		Q99757
		Q99747
		Q99735
		Q99733
		Q99720
		Q99719
		Q99714
		Q99704
		Q99698
		Q99685
		Q99683
		Q99653
		Q99643
		Q99615
		Q99614
		Q99598
		Q99576
		Q99570
		Q99567
		Q99550
		Q99536
		Q99523
		Q99501
		Q99497
		Q99490
		Q99471
		Q99470
		Q99460
		Q99447
		Q99436
		Q99417
		Q96TC7
		Q96T76
		Q96T66
		Q96T51
		Q96SW2
		Q96SU4
		Q96SM3
		Q96SL4
		Q96SJ8
		Q96SB3
		Q96S99
		Q96S97
		Q96S82
		Q96S66
		Q96S59
		Q96S44
		Q96S19
		Q96RT1
		Q96RQ3
		Q96RQ1
		Q96RL7
		Q96RI0
		Q96RG2
		Q96RF0
		Q96RD7
		Q96QR8
		Q96QK1
		Q96Q42
		Q96Q11
		Q96Q05
		Q96PY6
		Q96PU8
		Q96PP9
		Q96PE7
		Q96PD5
		Q96P70
		Q96P53
		Q96P48
		Q96NY7
		Q96NW4
		Q96NT1
		Q96NT0
		Q96NL8
		Q96ND0
		Q96NB2
		Q96NA2
		Q96N67
		Q96N66
		Q96M27
		Q96LW7
		Q96LJ7
		Q96L92
		Q96L08
		Q96KR6
		Q96KP4
		Q96KP1
		Q96KC8
		Q96K49
		Q96K37
		Q96K19
		Q96K17
		Q96JJ7
		Q96JH7
		Q96JG6
		Q96JC1
		Q96JB5
		Q96JB2
		Q96JA1
		Q96J02
		Q96IZ0
		Q96IY4
		Q96IX5
		Q96IW7
		Q96IV0
		Q96IU4
		Q96IJ6
		Q96II8
		Q96I99
		Q96I24
		Q96HY7
		Q96HY6
		Q96HV5
		Q96HS1
		Q96HN2
		Q96HJ9
		Q96HF1
		Q96HE7
		Q96HD1
		Q96HC4
		Q96H79
		Q96H20
		Q96GS4
		Q96GK7
		Q96GG9
		Q96GD0
		Q96GA7
		Q96G95
		Q96G23
		Q96G03
		Q96FZ7
		Q96FW1
		Q96FN4
		Q96FJ2
		Q96FH0
		Q96F92
		Q96F86
		Q96F85
		Q96F46
		Q96F24
		Q96EY8
		Q96EY7
		Q96ER9
		Q96EQ0
		Q96EP5
		Q96EP0
		Q96EM0
		Q96EL3
		Q96EL2
		Q96EK6
		Q96EK5
		Q96EC8
		Q96E17
		Q96E11
		Q96DZ1
		Q96DV4
		Q96DU3
		Q96DT0
		Q96DG6
		Q96DE0
		Q96DB5
		Q96DA6
		Q96DA0
		Q96D71
		Q96D31
		Q96CW5
		Q96CW1
		Q96CV9
		Q96CT7
		Q96CS3
		Q96CN9
		Q96CN7
		Q96CN4
		Q96C90
		Q96C36
		Q96C24
		Q96C23
		Q96C19
		Q96C01
		Q96BZ9
		Q96BY7
		Q96BY6
		Q96BX8
		Q96BQ5
		Q96BP2
		Q96BN8
		Q96BM9
		Q96B97
		Q96B49
		Q96B45
		Q96B23
		Q96AX2
		Q96AQ8
		Q96AP7
		Q96AJ9
		Q96AG4
		Q96AC1
		Q96AB3
		Q96A73
		Q96A65
		Q96A49
		Q96A35
		Q96A33
		Q96A05
		Q96A00
		Q969Z0
		Q969X5
		Q969X0
		Q969V3
		Q969U7
		Q969U6
		Q969S9
		Q969Q5
		Q969P0
		Q969M3
		Q969H8
		Q969G6
		Q969F1
		Q969E2
		Q95365
		Q93100
		Q93099
		Q93096
		Q93084
		Q93077
		Q93052
		Q93034
		Q93015
		Q93008
		Q92982
		Q92973
		Q92963
		Q92947
		Q92934
		Q92930
		Q92905
		Q92902
		Q92900
		Q92896
		Q92890
		Q92882
		Q92878
		Q92854
		Q92843
		Q92835
		Q92828
		Q92820
		Q92805
		Q92804
		Q92783
		Q92747
		Q92734
		Q92696
		Q92692
		Q92688
		Q92686
		Q92625
		Q92619
		Q92616
		Q92614
		Q92609
		Q92608
		Q92600
		Q92598
		Q92583
		Q92575
		Q92574
		Q92572
		Q92558
		Q92556
		Q92551
		Q92544
		Q92539
		Q92538
		Q92520
		Q92508
		Q92506
		Q92499
		Q8WZA9
		Q8WZA0
		Q8WZ82
		Q8WZ42
		Q8WYL5
		Q8WY22
		Q8WXX5
		Q8WXG6
		Q8WXE9
		Q8WXD5
		Q8WWM7
		Q8WWI5
		Q8WWC4
		Q8WWA1
		Q8WW59
		Q8WW22
		Q8WW12
		Q8WVX3
		Q8WVT3
		Q8WVM8
		Q8WVJ2
		Q8WVC6
		Q8WVC2
		Q8WV92
		Q8WV41
		Q8WUY1
		Q8WUX2
		Q8WUM4
		Q8WUH6
		Q8WUD1
		Q8WU90
		Q8WU79
		Q8WU76
		Q8WTW3
		Q8WTS1
		Q8WTR2
		Q8WTQ4
		Q8TF74
		Q8TF64
		Q8TF42
		Q8TF05
		Q8TEW0
		Q8TEQ6
		Q8TEQ0
		Q8TEB9
		Q8TEB1
		Q8TEA8
		Q8TEA7
		Q8TE77
		Q8TE02
		Q8TDZ2
		Q8TDX7
		Q8TDQ7
		Q8TDN4
		Q8TDH9
		Q8TDB6
		Q8TD55
		Q8TD43
		Q8TD19
		Q8TD16
		Q8TCZ2
		Q8TCT9
		Q8TCS8
		Q8TCJ2
		Q8TCD5
		Q8TCC3
		Q8TC26
		Q8TC12
		Q8TC07
		Q8TC05
		Q8TBX8
		Q8TBQ9
		Q8TBP6
		Q8TBP5
		Q8TBF2
		Q8TBE9
		Q8TBC4
		Q8TBA6
		Q8TB40
		Q8TB36
		Q8TB24
		Q8TAT6
		Q8TAG9
		Q8TAF3
		Q8TAE8
		Q8TAD7
		Q8TAC2
		Q8TAA5
		Q8NI37
		Q8NI22
		Q8NI08
		Q8NHZ8
		Q8NHV4
		Q8NHP6
		Q8NHG8
		Q8NHG7
		Q8NG11
		Q8NG06
		Q8NFZ0
		Q8NFV4
		Q8NFU3
		Q8NFQ8
		Q8NFI4
		Q8NFH8
		Q8NFH3
		Q8NFF5
		Q8NF50
		Q8NEZ2
		Q8NEW0
		Q8NEU8
		Q8NEN9
		Q8NE86
		Q8NE71
		Q8NDZ4
		Q8NDX1
		Q8NDI1
		Q8NDC0
		Q8NDB2
		Q8ND90
		Q8ND76
		Q8ND24
		Q8ND04
		Q8NCW5
		Q8NCS4
		Q8NCE2
		Q8NCC3
		Q8NCA5
		Q8NC56
		Q8NC51
		Q8NC44
		Q8NBZ7
		Q8NBY1
		Q8NBX0
		Q8NBU5
		Q8NBN7
		Q8NBN3
		Q8NBM8
		Q8NBM4
		Q8NBL1
		Q8NBJ5
		Q8NBI6
		Q8NBF2
		Q8NB90
		Q8NB37
		Q8NB16
		Q8N9U0
		Q8N9N7
		Q8N9N2
		Q8N9F7
		Q8N9A8
		Q8N983
		Q8N8S7
		Q8N8J7
		Q8N766
		Q8N749
		Q8N6T3
		Q8N6M0
		Q8N6L1
		Q8N6H7
		Q8N699
		Q8N5X7
		Q8N5W9
		Q8N5N7
		Q8N5M9
		Q8N5M4
		Q8N5M1
		Q8N5K1
		Q8N5J2
		Q8N5H3
		Q8N5G0
		Q8N5C8
		Q8N5C1
		Q8N573
		Q8N556
		Q8N4V1
		Q8N4T8
		Q8N4Q1
		Q8N4Q0
		Q8N4L2
		Q8N4H5
		Q8N4C8
		Q8N490
		Q8N3F8
		Q8N3F0
		Q8N3D4
		Q8N3C0
		Q8N392
		Q8N335
		Q8N2K1
		Q8N2K0
		Q8N2G8
		Q8N2F6
		Q8N2C7
		Q8N1Q1
		Q8N1G4
		Q8N1B4
		Q8N1A6
		Q8N183
		Q8N138
		Q8N128
		Q8N122
		Q8N0Z6
		Q8N0X7
		Q8N0W3
		Q8N0U8
		Q8IZQ5
		Q8IZH2
		Q8IZD0
		Q8IZ83
		Q8IZ81
		Q8IZ07
		Q8IYU8
		Q8IYU2
		Q8IYT4
		Q8IYS2
		Q8IYN9
		Q8IYJ9
		Q8IYI6
		Q8IYB7
		Q8IYB5
		Q8IY92
		Q8IY33
		Q8IY26
		Q8IY22
		Q8IY21
		Q8IY17
		Q8IXQ6
		Q8IXM3
		Q8IXJ6
		Q8IXI2
		Q8IXI1
		Q8IXB1
		Q8IX19
		Q8IX07
		Q8IWV8
		Q8IWV7
		Q8IWV2
		Q8IWT6
		Q8IWT0
		Q8IWR0
		Q8IWP9
		Q8IWJ2
		Q8IWF6
		Q8IWB9
		Q8IWB7
		Q8IWA5
		Q8IWA4
		Q8IWA0
		Q8IW45
		Q8IVD9
		Q8IVB4
		Q8IUZ5
		Q8IUR0
		Q8IUI8
		Q8IUD2
		Q8IUC4
		Q8IU85
		Q86YW5
		Q86YV9
		Q86YS7
		Q86YN1
		Q86YL5
		Q86YB8
		Q86Y82
		Q86Y39
		Q86Y38
		Q86XR7
		Q86X83
		Q86X76
		Q86X55
		Q86X19
		Q86X10
		Q86WV7
		Q86WV6
		Q86WR7
		Q86WR0
		Q86WQ0
		Q86WI1
		Q86W92
		Q86VX9
		Q86VX2
		Q86VW0
		Q86VU5
		Q86VU3
		Q86VS8
		Q86VR2
		Q86VP6
		Q86VN1
		Q86VH2
		Q86V88
		Q86V87
		Q86V48
		Q86UY0
		Q86UX7
		Q86UU1
		Q86UT6
		Q86UP2
		Q86UL3
		Q86UF1
		Q86UE4
		Q86U28
		Q86TX2
		Q86TV6
		Q86TV3
		Q86TS9
		Q86TP1
		Q86TM6
		Q86TI2
		Q86TB9
		Q86T03
		Q86SZ2
		Q86SX6
		Q86SR1
		Q7Z7N9
		Q7Z7K0
		Q7Z7H5
		Q7Z7F7
		Q7Z7E8
		Q7Z7A1
		Q7Z721
		Q7Z6Z7
		Q7Z6V5
		Q7Z6L1
		Q7Z6K5
		Q7Z6B0
		Q7Z5G4
		Q7Z4W1
		Q7Z4I7
		Q7Z4H3
		Q7Z4G1
		Q7Z478
		Q7Z460
		Q7Z434
		Q7Z403
		Q7Z401
		Q7Z3V4
		Q7Z3J2
		Q7Z3D6
		Q7Z3D4
		Q7Z3C6
		Q7Z392
		Q7Z2Z2
		Q7Z2W9
		Q7Z2W4
		Q7RTP6
		Q7LDG7
		Q7LBR1
		Q7L9L4
		Q7L8W6
		Q7L8L6
		Q7L7X3
		Q7L5Y1
		Q7L5D6
		Q7L576
		Q7L523
		Q7L4E1
		Q7L2H7
		Q7L266
		Q7L1W4
		Q7L1V2
		Q7L1T6
		Q7L1Q6
		Q7L0Y3
		Q7L0J3
		Q7KZN9
		Q7KZF4
		Q765P7
		Q71UI9
		Q71U36
		Q71TU5
		Q71RC9
		Q712K3
		Q70UQ0
		Q70J99
		Q70IA8
		Q70IA6
		Q70CQ4
		Q709C8
		Q6ZWT7
		Q6ZVM7
		Q6ZV70
		Q6ZUX7
		Q6ZUT6
		Q6ZT21
		Q6ZSZ5
		Q6ZSS7
		Q6ZS11
		Q6ZRY4
		Q6ZNW5
		Q6ZNJ1
		Q6ZNE5
		Q6ZN50
		Q6ZN40
		Q6ZMI0
		Q6YP21
		Q6YN16
		Q6YHK3
		Q6Y7W6
		Q6XQN6
		Q6WCQ1
		Q6VY07
		Q6UY01
		Q6UXV4
		Q6UXH1
		Q6UX71
		Q6UX06
		Q6UWP8
		Q6UWP7
		Q6UWL2
		Q6UWE0
		Q6UWD8
		Q6UUV7
		Q6ULP2
		Q6S8J3
		Q6RW13
		Q6R327
		Q6QNY1
		Q6QNY0
		Q6Q759
		Q6PML9
		Q6PL24
		Q6PKG0
		Q6PJW8
		Q6PJF5
		Q6PJ69
		Q6PI78
		Q6PI48
		Q6PGP7
		Q6PCE3
		Q6PCB7
		Q6P9F5
		Q6P9B6
		Q6P589
		Q6P587
		Q6P4F2
		Q6P3X3
		Q6P3W7
		Q6P2E9
		Q6P1X6
		Q6P1N0
		Q6P1M0
		Q6P1L8
		Q6P179
		Q6NZI2
		Q6NYC8
		Q6NXS1
		Q6NXR6
		Q6NVY1
		Q6NUQ1
		Q6NUK4
		Q6NUK1
		Q6NUJ1
		Q6NSW5
		Q6N069
		Q6L8Q7
		Q6IQ22
		Q6IPX3
		Q6ICL3
		Q6ICJ4
		Q6ICB4
		Q6IC75
		Q6IBS0
		Q6IAN0
		Q6IAA8
		Q6IA69
		Q6IA17
		Q6GYQ0
		Q6GMV3
		Q6FI81
		Q6FGY5
		Q6EEV4
		Q6DU44
		Q6DN14
		Q6DN12
		Q6DKJ4
		Q6DD88
		Q6AZY7
		Q69YU5
		Q68EM7
		Q68D91
		Q68D51
		Q68BL7
		Q684P5
		Q674X7
		Q66K14
		Q658Y4
		Q658P3
		Q63ZY3
		Q63HN8
		Q60I27
		Q5XPI4
		Q5XKP0
		Q5W145
		Q5W111
		Q5W0V3
		Q5W0H4
		Q5VZZ6
		Q5VZU9
		Q5VZK9
		Q5VZE5
		Q5VZ66
		Q5VYS8
		Q5VYL6
		Q5VYK3
		Q5VY93
		Q5VY43
		Q5VY30
		Q5VWZ2
		Q5VWJ9
		Q5VWC8
		Q5VW36
		Q5VW32
		Q5VVQ6
		Q5VV89
		Q5VUM1
		Q5VU58
		Q5VTU3
		Q5VTQ0
		Q5VTI5
		Q5VTE0
		Q5VST6
		Q5VSL9
		Q5VIR6
		Q5U8S2
		Q5U5X0
		Q5TZA2
		Q5TGZ0
		Q5TFE4
		Q5TEJ8
		Q5TDH0
		Q5TDC2
		Q5TD07
		Q5TCZ1
		Q5TC84
		Q5TBA9
		Q5TA50
		Q5T9B7
		Q5T985
		Q5T8U5
		Q5T8I0
		Q5T8C6
		Q5T7C4
		Q5T764
		Q5T6V5
		Q5T6N2
		Q5T6J7
		Q5T5Y3
		Q5T5U3
		Q5T5C7
		Q5T5C0
		Q5T4S7
		Q5T447
		Q5T440
		Q5T3F8
		Q5T321
		Q5T2T1
		Q5T2E6
		Q5T2D2
		Q5T1M5
		Q5T1C6
		Q5T0V0
		Q5T0N5
		Q5T0H9
		Q5T0F9
		Q5T091
		Q5SZR4
		Q5SWX3
		Q5SW96
		Q5SW79
		Q5SVJ7
		Q5SRQ6
		Q5SRP5
		Q5SRN5
		Q5SQ64
		Q5SNW6
		Q5SGD2
		Q5RKV6
		Q5RJ85
		Q5RI15
		Q5R3I4
		Q5R372
		Q5R341
		Q5QPM7
		Q5QPK2
		Q5QJ74
		Q5NDL2
		Q5MNZ6
		Q5M8T2
		Q5M775
		Q5LJA5
		Q5K651
		Q5K4L6
		Q5JUW8
		Q5JU69
		Q5JTZ9
		Q5JTJ3
		Q5JTD0
		Q5JTA5
		Q5JSP0
		Q5JSH3
		Q5JS54
		Q5JRX3
		Q5JR04
		Q5JQS6
		Q5JPE7
		Q5JP53
		Q5J8M3
		Q5I7T1
		Q5HYI8
		Q5H9A7
		Q5H8X8
		Q5GLZ8
		Q5EG05
		Q5BJH7
		Q5BJD5
		Q58FF8
		Q58A45
		Q587I9
		Q562R1
		Q562E7
		Q53TN4
		Q53T59
		Q53S48
		Q53S33
		Q53QZ3
		Q53H82
		Q53GQ0
		Q53GL0
		Q53FV1
		Q53FT3
		Q53FA7
		Q53ET0
		Q52LJ0
		Q4VXZ8
		Q4V328
		Q4TT38
		Q4LDE5
		Q4KMQ2
		Q4KMP7
		Q4G176
		Q4G148
		Q4G0M0
		Q4G0I0
		Q4G0F5
		Q4AE62
		Q49B96
		Q49AS9
		Q460N5
		Q3ZCW2
		Q3ZCQ8
		Q3ZCM7
		Q3ZAQ7
		Q3YEC7
		Q3V6T2
		Q3SXM5
		Q3LXA3
		Q3KRA6
		Q3KQZ2
		Q3KQZ1
		Q3KQV9
		Q32P28
		Q32MZ4
		Q30118
		Q2TAZ0
		Q2TAM5
		Q2TAA5
		Q2TAA2
		Q2PZI1
		Q2NL82
		Q2M3D2
		Q2M389
		Q2M2I8
		Q2LD37
		Q2KHT3
		Q29960
		Q27J81
		Q24JQ7
		Q17RC7
		Q16891
		Q16873
		Q16864
		Q16854
		Q16851
		Q16822
		Q16799
		Q16795
		Q16775
		Q16774
		Q16762
		Q16760
		Q16740
		Q16718
		Q16706
		Q16644
		Q16643
		Q16627
		Q16611
		Q16610
		Q16563
		Q16555
		Q16543
		Q16540
		Q16539
		Q16531
		Q16513
		Q16512
		Q16401
		Q16378
		Q16363
		Q16204
		Q16186
		Q16134
		Q15942
		Q15907
		Q15904
		Q15836
		Q15833
		Q15819
		Q15813
		Q15797
		Q15785
		Q15771
		Q15762
		Q15751
		Q15750
		Q15746
		Q15738
		Q15717
		Q15714
		Q15691
		Q15654
		Q15650
		Q15645
		Q15643
		Q15642
		Q15555
		Q15526
		Q15477
		Q15437
		Q15435
		Q15431
		Q15427
		Q15404
		Q15389
		Q15388
		Q15386
		Q15382
		Q15370
		Q15369
		Q15366
		Q15365
		Q15363
		Q15311
		Q15286
		Q15283
		Q15276
		Q15274
		Q15256
		Q15233
		Q15223
		Q15208
		Q15181
		Q15172
		Q15149
		Q15147
		Q15126
		Q15125
		Q15121
		Q15120
		Q15119
		Q15118
		Q15113
		Q15102
		Q15075
		Q15067
		Q15057
		Q15056
		Q15046
		Q15042
		Q15040
		Q15036
		Q15031
		Q15027
		Q15019
		Q15018
		Q15008
		Q15006
		Q14CX7
		Q14C86
		Q14BN4
		Q14997
		Q14974
		Q14964
		Q14914
		Q14847
		Q14790
		Q14789
		Q14766
		Q14764
		Q14746
		Q14739
		Q14699
		Q14697
		Q14696
		Q14694
		Q14677
		Q14653
		Q14651
		Q14644
		Q14643
		Q14642
		Q14571
		Q14558
		Q14554
		Q14520
		Q14432
		Q14410
		Q14392
		Q14376
		Q14353
		Q14344
		Q14315
		Q14289
		Q14258
		Q14254
		Q14247
		Q14240
		Q14232
		Q14204
		Q14197
		Q14192
		Q14185
		Q14166
		Q14165
		Q14162
		Q14160
		Q14157
		Q14152
		Q14139
		Q14118
		Q14116
		Q14112
		Q14108
		Q14088
		Q14061
		Q14019
		Q14012
		Q14011
		Q14008
		Q13976
		Q13951
		Q13907
		Q13885
		Q13884
		Q13867
		Q13825
		Q13813
		Q13795
		Q13740
		Q13724
		Q13643
		Q13642
		Q13637
		Q13636
		Q13630
		Q13621
		Q13619
		Q13618
		Q13617
		Q13616
		Q13614
		Q13596
		Q13586
		Q13576
		Q13564
		Q13546
		Q13541
		Q13526
		Q13509
		Q13505
		Q13496
		Q13492
		Q13488
		Q13469
		Q13464
		Q13459
		Q13451
		Q13445
		Q13443
		Q13442
		Q13439
		Q13423
		Q13418
		Q13409
		Q13405
		Q13404
		Q13371
		Q13363
		Q13347
		Q13322
		Q13308
		Q13303
		Q13287
		Q13283
		Q13268
		Q13239
		Q13232
		Q13228
		Q13217
		Q13201
		Q13200
		Q13190
		Q13188
		Q13185
		Q13177
		Q13162
		Q13158
		Q13155
		Q13148
		Q13136
		Q13131
		Q13113
		Q13107
		Q13103
		Q13094
		Q13085
		Q13057
		Q13045
		Q13043
		Q13033
		Q13017
		Q13011
		Q12986
		Q12981
		Q12974
		Q12965
		Q12959
		Q12955
		Q12933
		Q12913
		Q12912
		Q12907
		Q12904
		Q12882
		Q12846
		Q12841
		Q12805
		Q12802
		Q12800
		Q12797
		Q12792
		Q12769
		Q12768
		Q12767
		Q12765
		Q10713
		Q10567
		Q10469
		Q0ZGT2
		Q0VGL1
		Q0VDG4
		Q0VD83
		Q09666
		Q09328
		Q08E86
		Q08AM6
		Q08AG7
		Q08AE8
		Q08830
		Q08752
		Q08722
		Q08623
		Q08554
		Q08495
		Q08426
		Q08380
		Q08379
		Q08378
		Q08357
		Q08257
		Q08211
		Q08209
		Q08043
		Q07960
		Q07817
		Q07812
		Q07108
		Q07021
		Q06830
		Q06481
		Q06323
		Q06210
		Q06203
		Q06187
		Q06136
		Q06124
		Q06033
		Q05823
		Q05707
		Q05682
		Q05655
		Q05209
		Q05193
		Q05086
		Q04941
		Q04917
		Q04837
		Q04771
		Q04760
		Q04759
		Q04656
		Q04446
		Q03591
		Q03519
		Q03518
		Q03154
		Q03013
		Q03001
		Q02978
		Q02818
		Q02809
		Q02790
		Q02750
		Q02413
		Q02338
		Q02252
		Q02218
		Q02108
		Q01995
		Q01970
		Q01968
		Q01813
		Q01650
		Q01543
		Q01518
		Q01469
		Q01433
		Q01082
		Q00839
		Q00796
		Q00765
		Q00722
		Q00688
		Q00653
		Q00610
		Q00577
		Q00535
		Q00341
		Q00325
		Q00059
		Q00013
		P99999
		P98194
		P98179
		P98172
		P98160
		P98082
		P86791
		P84095
		P84090
		P84085
		P84077
		P84074
		P83876
		P83436
		P83111
		P82932
		P82921
		P82912
		P82909
		P82673
		P82664
		P81605
		P80723
		P80511
		P80303
		P80217
		P78560
		P78537
		P78417
		P78410
		P78371
		P78356
		P78352
		P78344
		P78330
		P78318
		P69905
		P69891
		P68871
		P68402
		P68371
		P68366
		P68363
		P68133
		P68106
		P68036
		P68032
		P67936
		P67809
		P67775
		P63313
		P63261
		P63218
		P63167
		P63151
		P63104
		P63096
		P63092
		P63010
		P63000
		P62993
		P62979
		P62942
		P62937
		P62913
		P62906
		P62888
		P62879
		P62877
		P62873
		P62857
		P62854
		P62851
		P62837
		P62834
		P62820
		P62805
		P62714
		P62701
		P62699
		P62633
		P62495
		P62341
		P62333
		P62330
		P62328
		P62316
		P62312
		P62310
		P62306
		P62304
		P62277
		P62273
		P62269
		P62263
		P62258
		P62256
		P62253
		P62249
		P62241
		P62195
		P62191
		P62158
		P62140
		P62136
		P62072
		P62070
		P61981
		P61978
		P61970
		P61966
		P61962
		P61960
		P61952
		P61812
		P61769
		P61764
		P61626
		P61604
		P61599
		P61586
		P61457
		P61326
		P61247
		P61225
		P61224
		P61221
		P61204
		P61201
		P61163
		P61160
		P61158
		P61106
		P61088
		P61086
		P61081
		P61077
		P61073
		P61026
		P61020
		P61019
		P61018
		P61009
		P61006
		P60983
		P60981
		P60953
		P60903
		P60900
		P60891
		P60880
		P60866
		P60842
		P60763
		P60709
		P60660
		P60604
		P60520
		P60510
		P60484
		P60468
		P60228
		P60174
		P60059
		P59998
		P59768
		P59666
		P58546
		P58215
		P58107
		P57772
		P57737
		P57729
		P57105
		P57088
		P57057
		P57053
		P56962
		P56645
		P56556
		P56537
		P56385
		P56381
		P56377
		P56277
		P56211
		P56202
		P56192
		P56181
		P56134
		P55957
		P55884
		P55809
		P55795
		P55789
		P55774
		P55735
		P55345
		P55327
		P55273
		P55268
		P55263
		P55212
		P55210
		P55160
		P55145
		P55072
		P55060
		P55039
		P55036
		P55011
		P55010
		P55008
		P54922
		P54920
		P54886
		P54852
		P54819
		P54727
		P54725
		P54709
		P54687
		P54652
		P54619
		P54578
		P54577
		P54136
		P53999
		P53992
		P53990
		P53814
		P53801
		P53675
		P53634
		P53621
		P53618
		P53611
		P53602
		P53597
		P53582
		P53396
		P53384
		P53367
		P53041
		P53007
		P53004
		P52907
		P52888
		P52815
		P52790
		P52788
		P52758
		P52630
		P52597
		P52594
		P52566
		P52565
		P52564
		P52333
		P52306
		P52294
		P52272
		P51991
		P51970
		P51911
		P51812
		P51811
		P51809
		P51798
		P51795
		P51790
		P51692
		P51689
		P51668
		P51665
		P51659
		P51649
		P51648
		P51606
		P51580
		P51575
		P51572
		P51571
		P51570
		P51397
		P51159
		P51157
		P51153
		P51151
		P51149
		P51148
		P51116
		P50991
		P50990
		P50897
		P50851
		P50583
		P50579
		P50570
		P50552
		P50502
		P50454
		P50453
		P50440
		P50416
		P50402
		P50336
		P50238
		P50225
		P50224
		P50213
		P50151
		P50148
		P50053
		P49914
		P49908
		P49902
		P49841
		P49840
		P49795
		P49789
		P49788
		P49773
		P49770
		P49767
		P49758
		P49757
		P49755
		P49754
		P49748
		P49721
		P49720
		P49662
		P49641
		P49619
		P49593
		P49589
		P49588
		P49459
		P49419
		P49411
		P49407
		P49406
		P49368
		P49354
		P49327
		P49326
		P49257
		P49247
		P49189
		P49184
		P49137
		P49069
		P48960
		P48739
		P48736
		P48735
		P48643
		P48637
		P48634
		P48553
		P48509
		P48507
		P48506
		P48454
		P48449
		P48444
		P48426
		P48163
		P48147
		P48061
		P48059
		P48047
		P47985
		P47929
		P47914
		P47897
		P47813
		P47756
		P47755
		P47712
		P47224
		P46977
		P46940
		P46939
		P46934
		P46926
		P46821
		P46783
		P46781
		P46736
		P46734
		P46527
		P46439
		P46199
		P46109
		P46108
		P46060
		P46019
		P45985
		P45984
		P45974
		P45954
		P45880
		P43686
		P43652
		P43490
		P43487
		P43405
		P43304
		P43250
		P43155
		P43034
		P42858
		P42830
		P42768
		P42765
		P42704
		P42680
		P42677
		P42575
		P42574
		P42566
		P42345
		P42338
		P42336
		P42331
		P42226
		P42224
		P42126
		P42025
		P41252
		P41250
		P41240
		P41227
		P41226
		P41218
		P41208
		P41181
		P41091
		P40939
		P40926
		P40925
		P40855
		P40763
		P40429
		P40337
		P40306
		P40238
		P40227
		P40222
		P40197
		P40189
		P39880
		P39656
		P39019
		P38646
		P38606
		P38571
		P38117
		P37837
		P37802
		P37235
		P36980
		P36969
		P36959
		P36957
		P36955
		P36915
		P36871
		P36639
		P36578
		P36551
		P36543
		P36542
		P36507
		P36406
		P36405
		P36404
		P35998
		P35908
		P35858
		P35813
		P35754
		P35749
		P35658
		P35626
		P35625
		P35613
		P35611
		P35579
		P35573
		P35568
		P35542
		P35270
		P35244
		P35241
		P35240
		P35237
		P35236
		P35232
		P35221
		P34949
		P34947
		P34932
		P34931
		P34913
		P34897
		P34896
		P34810
		P34096
		P33908
		P33897
		P33527
		P33316
		P33241
		P33176
		P33121
		P32969
		P32456
		P32455
		P32321
		P32189
		P32121
		P32119
		P32019
		P31995
		P31949
		P31948
		P31947
		P31946
		P31944
		P31939
		P31937
		P31930
		P31751
		P31749
		P31689
		P31645
		P31431
		P31415
		P31323
		P31321
		P31153
		P31151
		P31150
		P31146
		P31040
		P31025
		P30837
		P30740
		P30711
		P30622
		P30566
		P30536
		P30520
		P30519
		P30419
		P30405
		P30281
		P30273
		P30153
		P30086
		P30085
		P30084
		P30050
		P30049
		P30046
		P30044
		P30043
		P30042
		P30041
		P30040
		P30039
		P30038
		P29966
		P29965
		P29762
		P29728
		P29692
		P29622
		P29401
		P29353
		P29350
		P29279
		P29218
		P28907
		P28838
		P28799
		P28482
		P28331
		P28161
		P28074
		P28072
		P28070
		P28066
		P28062
		P27987
		P27986
		P27824
		P27816
		P27797
		P27701
		P27482
		P27449
		P27448
		P27361
		P27348
		P27338
		P27169
		P27105
		P26885
		P26641
		P26640
		P26639
		P26599
		P26583
		P26572
		P26447
		P26440
		P26373
		P26196
		P26038
		P25942
		P25815
		P25789
		P25788
		P25787
		P25786
		P25705
		P25686
		P25685
		P25398
		P25311
		P25116
		P25098
		P24844
		P24752
		P24666
		P24557
		P24539
		P24534
		P24158
		P23919
		P23786
		P23743
		P23610
		P23560
		P23528
		P23526
		P23470
		P23458
		P23434
		P23381
		P23368
		P23284
		P23258
		P23229
		P23219
		P23141
		P22830
		P22792
		P22695
		P22694
		P22681
		P22626
		P22570
		P22392
		P22352
		P22314
		P22307
		P22234
		P22105
		P22102
		P22059
		P22033
		P22001
		P21964
		P21912
		P21796
		P21731
		P21399
		P21333
		P21291
		P21283
		P21281
		P21266
		P20933
		P20810
		P20674
		P20645
		P20618
		P20472
		P20340
		P20338
		P20337
		P20336
		P20160
		P20042
		P20039
		P20020
		P19971
		P19876
		P19875
		P19838
		P19827
		P19784
		P19652
		P19634
		P19623
		P19525
		P19367
		P19338
		P19086
		P18859
		P18669
		P18428
		P18206
		P18124
		P18085
		P18084
		P18065
		P18054
		P18031
		P17987
		P17931
		P17858
		P17812
		P17655
		P17612
		P17568
		P17301
		P17252
		P17213
		P17174
		P17152
		P17066
		P17050
		P16949
		P16930
		P16885
		P16671
		P16615
		P16591
		P16455
		P16452
		P16435
		P16403
		P16402
		P16401
		P16389
		P16333
		P16298
		P16284
		P16278
		P16157
		P16152
		P16150
		P16035
		P15954
		P15927
		P15924
		P15907
		P15880
		P15531
		P15529
		P15498
		P15374
		P15311
		P15309
		P15289
		P15170
		P15153
		P15121
		P15104
		P15056
		P14927
		P14868
		P14854
		P14780
		P14770
		P14735
		P14649
		P14625
		P14621
		P14618
		P14550
		P14543
		P14324
		P14317
		P14222
		P14209
		P14174
		P13929
		P13807
		P13804
		P13797
		P13796
		P13727
		P13674
		P13671
		P13667
		P13639
		P13533
		P13501
		P13489
		P13224
		P13164
		P13073
		P12955
		P12931
		P12882
		P12829
		P12814
		P12724
		P12429
		P12318
		P12277
		P12273
		P12268
		P12259
		P12236
		P12081
		P11940
		P11908
		P11766
		P11678
		P11586
		P11441
		P11413
		P11279
		P11277
		P11274
		P11234
		P11233
		P11216
		P11215
		P11182
		P11177
		P11172
		P11171
		P11169
		P11166
		P11142
		P11117
		P11047
		P11021
		P10909
		P10809
		P10768
		P10746
		P10720
		P10646
		P10644
		P10620
		P10619
		P10606
		P10599
		P10586
		P10412
		P10398
		P10301
		P10253
		P10155
		P10153
		P10124
		P10114
		P0DJJ0
		P0DJI9
		P0DJI8
		P0CW22
		P0CG39
		P0CG38
		P0CG35
		P0CG06
		P0CG05
		P0CG04
		P0C7P4
		P0C7P3
		P0C7M8
		P0C2W1
		P0C0L5
		P0C025
		P09972
		P09960
		P09871
		P09769
		P09669
		P09622
		P09543
		P09525
		P09497
		P09496
		P09488
		P09486
		P09417
		P09382
		P09327
		P09211
		P09210
		P09110
		P09104
		P08913
		P08865
		P08758
		P08754
		P08697
		P08670
		P08648
		P08603
		P08590
		P08574
		P08567
		P08559
		P08519
		P08514
		P08493
		P08311
		P08246
		P08240
		P08238
		P08237
		P08236
		P08134
		P08133
		P08123
		P08107
		P07996
		P07954
		P07951
		P07948
		P07919
		P07911
		P07902
		P07900
		P07858
		P07814
		P07741
		P07738
		P07737
		P07686
		P07451
		P07384
		P07360
		P07359
		P07357
		P07355
		P07339
		P07332
		P07320
		P07288
		P07237
		P07225
		P07203
		P07195
		P07108
		P07099
		P07093
		P06899
		P06756
		P06744
		P06737
		P06733
		P06730
		P06727
		P06703
		P06702
		P06576
		P06280
		P06241
		P06132
		P05937
		P05771
		P05556
		P05546
		P05388
		P05387
		P05386
		P05198
		P05165
		P05164
		P05161
		P05160
		P05154
		P05141
		P05121
		P05109
		P05106
		P05091
		P05090
		P05067
		P05026
		P05023
		P05019
		P04921
		P04920
		P04899
		P04844
		P04843
		P04839
		P04792
		P04632
		P04424
		P04406
		P04350
		P04275
		P04217
		P04196
		P04179
		P04156
		P04114
		P04085
		P04083
		P04080
		P04075
		P04040
		P04004
		P04003
		P03973
		P03956
		P03950
		P03928
		P03915
		P03897
		P02810
		P02808
		P02794
		P02792
		P02790
		P02787
		P02786
		P02776
		P02775
		P02766
		P02763
		P02760
		P02751
		P02750
		P02749
		P02748
		P02747
		P02743
		P02741
		P02730
		P02679
		P02675
		P02671
		P02652
		P02649
		P02647
		P02549
		P02545
		P02042
		P02008
		P01880
		P01877
		P01876
		P01871
		P01861
		P01860
		P01859
		P01857
		P01834
		P01591
		P01344
		P01185
		P01137
		P01133
		P01130
		P01127
		P01116
		P01112
		P01111
		P01042
		P01034
		P01031
		P01024
		P01023
		P01019
		P01009
		P01008
		P00918
		P00915
		P00846
		P00748
		P00747
		P00738
		P00734
		P00558
		P00505
		P00492
		P00491
		P00488
		P00441
		P00414
		P00403
		P00390
		P00387
		P00367
		P00352
		P00338
		P00167
		O96019
		O96013
		O96011
		O96008
		O96000
		O95999
		O95989
		O95980
		O95881
		O95873
		O95870
		O95866
		O95865
		O95858
		O95837
		O95834
		O95831
		O95825
		O95822
		O95819
		O95816
		O95810
		O95807
		O95782
		O95758
		O95749
		O95747
		O95721
		O95716
		O95685
		O95674
		O95671
		O95630
		O95628
		O95573
		O95571
		O95563
		O95497
		O95487
		O95486
		O95456
		O95433
		O95427
		O95425
		O95394
		O95379
		O95376
		O95373
		O95372
		O95363
		O95352
		O95336
		O95299
		O95298
		O95295
		O95292
		O95260
		O95219
		O95210
		O95202
		O95197
		O95183
		O95182
		O95168
		O95167
		O95159
		O95155
		O95140
		O95139
		O95084
		O94992
		O94979
		O94973
		O94929
		O94925
		O94919
		O94916
		O94915
		O94905
		O94903
		O94898
		O94886
		O94874
		O94855
		O94830
		O94826
		O94822
		O94804
		O76095
		O76094
		O76074
		O76071
		O76003
		O75964
		O75962
		O75955
		O75947
		O75937
		O75935
		O75915
		O75901
		O75891
		O75886
		O75874
		O75844
		O75843
		O75828
		O75822
		O75821
		O75791
		O75746
		O75695
		O75688
		O75663
		O75608
		O75594
		O75563
		O75558
		O75534
		O75531
		O75521
		O75506
		O75489
		O75477
		O75438
		O75436
		O75427
		O75425
		O75419
		O75396
		O75394
		O75380
		O75379
		O75369
		O75368
		O75351
		O75348
		O75340
		O75339
		O75326
		O75324
		O75323
		O75312
		O75306
		O75223
		O75208
		O75190
		O75175
		O75170
		O75165
		O75154
		O75131
		O75116
		O75113
		O75083
		O75063
		O75061
		O75030
		O60925
		O60888
		O60884
		O60869
		O60841
		O60831
		O60826
		O60783
		O60763
		O60749
		O60739
		O60716
		O60704
		O60701
		O60684
		O60674
		O60664
		O60645
		O60613
		O60573
		O60568
		O60547
		O60506
		O60502
		O60496
		O60493
		O60488
		O60449
		O60361
		O60333
		O60331
		O60313
		O60271
		O60262
		O60256
		O60237
		O60234
		O60232
		O60229
		O60220
		O43924
		O43920
		O43865
		O43852
		O43837
		O43822
		O43820
		O43815
		O43813
		O43809
		O43805
		O43776
		O43772
		O43765
		O43752
		O43741
		O43708
		O43707
		O43681
		O43678
		O43677
		O43676
		O43674
		O43665
		O43653
		O43639
		O43633
		O43617
		O43615
		O43602
		O43598
		O43592
		O43583
		O43572
		O43567
		O43516
		O43504
		O43488
		O43464
		O43447
		O43427
		O43402
		O43399
		O43396
		O43390
		O43353
		O43324
		O43318
		O43314
		O43312
		O43310
		O43306
		O43304
		O43294
		O43291
		O43264
		O43252
		O43242
		O43237
		O43182
		O43181
		O43175
		O43150
		O43149
		O15551
		O15511
		O15498
		O15439
		O15438
		O15427
		O15400
		O15382
		O15357
		O15327
		O15305
		O15294
		O15270
		O15269
		O15239
		O15235
		O15231
		O15230
		O15228
		O15212
		O15211
		O15204
		O15194
		O15173
		O15169
		O15155
		O15145
		O15144
		O15143
		O15127
		O15121
		O15117
		O15116
		O15111
		O15084
		O15067
		O15040
		O15031
		O15013
		O14980
		O14979
		O14976
		O14974
		O14964
		O14949
		O14933
		O14925
		O14920
		O14908
		O14907
		O14893
		O14841
		O14828
		O14818
		O14787
		O14775
		O14773
		O14745
		O14744
		O14737
		O14734
		O14672
		O14656
		O14617
		O14579
		O14561
		O14548
		O14545
		O14530
		O14523
		O00754
		O00743
		O00629
		O00602
		O00587
		O00584
		O00571
		O00560
		O00534
		O00522
		O00506
		O00505
		O00501
		O00487
		O00483
		O00481
		O00471
		O00468
		O00453
		O00442
		O00429
		O00410
		O00408
		O00399
		O00391
		O00299
		O00273
		O00264
		O00232
		O00231
		O00217
		O00214
		O00194
		O00187
		O00186
		O00178
		O00170
		O00165
		O00161
		O00160
		O00154
		O00151
		O00139
		O00116
		M0R3D4
		M0R2G3
		M0R2A0
		M0R1I9
		M0R176
		M0R0N4
		M0R0G9
		M0QZW1
		M0QZR4
		M0QZN2
		M0QZC5
		M0QZ43
		M0QYX1
		M0QWZ9
		M0QWZ7
		K7ES93
		K7ERG9
		K7ERF1
		K7ER74
		K7ER00
		K7EQT7
		K7EPR0
		K7EN05
		K7EMV3
		K7EMR7
		K7EM18
		K7ELS0
		K7ELL7
		K7ELG9
		K7EKI4
		K7EK35
		K7EJE8
		K7EJC8
		K7EJ28
		K7EIU8
		K7EIG9
		K4DI93
		K4DI92
		J9JIC5
		J3QTA2
		J3QT52
		J3QS48
		J3QS41
		J3QRU8
		J3QRU4
		J3QRU1
		J3QRT6
		J3QRT5
		J3QRS3
		J3QRJ1
		J3QRG5
		J3QQY2
		J3QQQ9
		J3QQK6
		J3QLS3
		J3QLI9
		J3QLC8
		J3QL56
		J3KTL2
		J3KTA1
		J3KT73
		J3KT51
		J3KS81
		J3KR97
		J3KR58
		J3KQZ9
		J3KQV0
		J3KQU9
		J3KQS6
		J3KQJ1
		J3KQA6
		J3KQ97
		J3KQ88
		J3KQ73
		J3KQ66
		J3KQ48
		J3KQ45
		J3KQ34
		J3KQ32
		J3KPZ3
		J3KPV7
		J3KPN1
		J3KPL1
		J3KPK1
		J3KPF9
		J3KPD4
		J3KP75
		J3KP36
		J3KP22
		J3KNU6
		J3KNT0
		J3KNP4
		J3KNN7
		J3KNN3
		J3KNL7
		J3KNL6
		J3KNL3
		J3KNK4
		J3KNI1
		J3KNF4
		J3KNB8
		J3KNB4
		J3KNB3
		J3KN82
		J3KN69
		J3KN66
		J3KN59
		J3KN29
		J3KN10
		J3KN00
		J3KMY5
		I3NI32
		I3L504
		I3L3X5
		I3L3R3
		I3L3P7
		I3L2W5
		I3L2L5
		I3L1R6
		I3L0N3
		H9KVB8
		H9KV70
		H9KV44
		H7C613
		H7C3P4
		H7C2Q8
		H7C1J4
		H7BY58
		H7BXJ1
		H7BXH2
		H7BXD5
		H6UMI1
		H3BVI7
		H3BUX2
		H3BUV4
		H3BUM8
		H3BTQ9
		H3BTL1
		H3BSC1
		H3BS66
		H3BS10
		H3BRX0
		H3BRV0
		H3BRQ0
		H3BRF9
		H3BQZ5
		H3BQV3
		H3BQQ2
		H3BPE7
		H3BPE1
		H3BP13
		H3BMQ0
		H3BM50
		H0YNP9
		H0YNP1
		H0YNG3
		H0YN26
		H0YMV8
		H0YMB3
		H0YLZ5
		H0YLN8
		H0YLA2
		H0YKQ8
		H0YI08
		H0Y3H2
		G8JLM4
		G8JLL7
		G8JLK4
		G8JLG1
		G8JLE9
		G8JLE0
		G8JLC6
		G8JLA8
		G5EA52
		G5EA37
		G5E9Z2
		G5E9W8
		G5E9W7
		G5E9Q7
		G5E9E7
		G5E9C8
		G5E979
		G5E972
		G5E963
		G5E933
		G3XAN8
		G3XAN4
		G3XAK1
		G3XAJ1
		G3XAI2
		G3XAG5
		G3XAC4
		G3V5X7
		G3V5X4
		G3V5T9
		G3V5N8
		G3V5L1
		G3V5I3
		G3V599
		G3V556
		G3V4U0
		G3V4K3
		G3V3H3
		G3V394
		G3V350
		G3V2U7
		G3V2M0
		G3V2F7
		G3V203
		G3V1U5
		G3V1S6
		G3V1R9
		G3V1R5
		G3V1P3
		G3V1N2
		G3V1K3
		G3V1E0
		G3V1B3
		G3V1A6
		G3V1A1
		G3V153
		G3V0I6
		G3V0I5
		G3V0G5
		G3V0E4
		G1K394
		F8WF48
		F8WEA9
		F8WDY4
		F8WDH1
		F8WD64
		F8WD04
		F8WCM7
		F8WBZ3
		F8WBK5
		F8WAZ5
		F8WAE5
		F8WAC3
		F8W9X7
		F8W9L0
		F8W9I9
		F8W9H0
		F8W930
		F8W8I6
		F8W7U8
		F8W7U3
		F8W7Q4
		F8W7I2
		F8W7C6
		F8W785
		F8W720
		F8W6R3
		F8W6L6
		F8W6I7
		F8W543
		F8VZJ2
		F8VYN9
		F8VYK9
		F8VYE8
		F8VXI9
		F8VWT9
		F8VWA6
		F8VW41
		F8VVS7
		F8VVA7
		F8VV56
		F8VUJ3
		F8VUA2
		F8VU90
		F8VPD4
		F6WCX7
		F6VZ39
		F6UJY1
		F6U1T9
		F6SBX2
		F6RY50
		F5H8J4
		F5H897
		F5H860
		F5H853
		F5H843
		F5H715
		F5H702
		F5H6Z0
		F5H6G9
		F5H6F3
		F5H6E2
		F5H619
		F5H604
		F5H5Y2
		F5H5R8
		F5H5N1
		F5H5N0
		F5H5G8
		F5H5E2
		F5H577
		F5H569
		F5H527
		F5H4Z4
		F5H4U6
		F5H4S8
		F5H4J2
		F5H385
		F5H365
		F5H2T0
		F5H2S7
		F5H2R7
		F5H2Q7
		F5H2E3
		F5H2B0
		F5H2A7
		F5H269
		F5H1Y4
		F5H1R9
		F5H1N7
		F5H1L4
		F5H1I8
		F5H1G9
		F5H144
		F5H0X2
		F5H0U5
		F5H0M4
		F5H0L8
		F5H090
		F5H012
		F5GZX2
		F5GZS6
		F5GZP8
		F5GYP2
		F5GYK4
		F5GYG5
		F5GYC2
		F5GY99
		F5GY80
		F5GY37
		F5GXX5
		F5GXR6
		F5GXP4
		F5GXI4
		F5GX88
		F5GX77
		F5GWU7
		F5GWT4
		F5GWP8
		F5GWI9
		F5GWI4
		F5GWH5
		F5GWE5
		F2Z3M0
		F2Z3A6
		F2Z2X4
		F2Z2X0
		F2Z2U8
		F2Z2U4
		F2Z2E1
		E9PSH2
		E9PS17
		E9PRR8
		E9PRQ7
		E9PRI4
		E9PQN9
		E9PQG4
		E9PQE8
		E9PQ57
		E9PPF2
		E9PNW4
		E9PND3
		E9PMI6
		E9PM46
		E9PLM6
		E9PLK3
		E9PL22
		E9PL09
		E9PKY3
		E9PKT4
		E9PKG1
		E9PK80
		E9PJN4
		E9PJ55
		E9PIR7
		E9PIP3
		E9PIC0
		E9PI68
		E9PHY8
		E9PHV5
		E9PHQ0
		E9PHG5
		E9PH58
		E9PH29
		E9PGX5
		E9PGT6
		E9PGT1
		E9PGF5
		E9PGC8
		E9PFZ2
		E9PFX6
		E9PFU9
		E9PFR3
		E9PFK9
		E9PF32
		E9PF19
		E9PF18
		E9PF16
		E9PER6
		E9PEN8
		E9PEJ4
		E9PEE8
		E9PEB5
		E9PE82
		E9PE20
		E9PDX3
		E9PDN5
		E9PDM3
		E9PDF1
		E9PDE8
		E9PD98
		E9PCY7
		E9PCN2
		E9PCE5
		E9PCB6
		E9PC74
		E9PC69
		E9PC47
		E9PC28
		E9PC15
		E9PBF6
		E9PB14
		E7EX90
		E7EX73
		E7EX17
		E7EWM1
		E7EW77
		E7EW52
		E7EW20
		E7EVJ5
		E7EVJ3
		E7EVC7
		E7EV84
		E7EUY3
		E7EUY0
		E7EUE1
		E7EU96
		E7EU35
		E7EU23
		E7ETW5
		E7ETU9
		E7ETU7
		E7ETB3
		E7ET49
		E7ESS3
		E7ESL0
		E7ES33
		E7ES32
		E7ERK9
		E7ER89
		E7ER77
		E7ER44
		E7EQN5
		E7EQL8
		E7EQA9
		E7EQ69
		E7EQ34
		E7EPW2
		E7EPV7
		E7EPT4
		E7EPQ8
		E7EPN9
		E7EPL4
		E7EPD0
		E7EPB3
		E7EP72
		E7ENN3
		E7ENL6
		E7ENL1
		E7EN67
		E7EMZ9
		E7EMX2
		E7EMV7
		E7EMM4
		E7EMC7
		E7EM95
		E7EM82
		E7EM64
		E5RJR5
		E5RJM0
		E5RJJ3
		E5RJD8
		E5RJ99
		E5RJ68
		E5RHM5
		E5RGS9
		E5RGS2
		E5RGN3
		E5RG44
		E5RFN6
		E2QRH7
		D6RIS4
		D6RIE3
		D6RGX2
		D6RGI3
		D6RFH3
		D6RFG8
		D6RF92
		D6RF86
		D6RF48
		D6RF35
		D6RE10
		D6RD74
		D6RD58
		D6RCD0
		D6RAR2
		D6RAM3
		D6RAC2
		D6RA24
		D6R9P3
		D6R938
		D3YTI9
		D3YTD1
		D3DWF9
		C9K0U0
		C9JZR4
		C9JVU9
		C9JVN9
		C9JV77
		C9JUH3
		C9JRZ6
		C9JQV6
		C9JQ41
		C9JPP2
		C9JP16
		C9JP00
		C9JNK6
		C9JMU5
		C9JLV4
		C9JKL2
		C9JJN9
		C9JJH0
		C9JJ19
		C9JIF9
		C9JFE4
		C9JBQ4
		C9JBJ6
		C9JB13
		C9JAX1
		C9JAW5
		C9JAI6
		C9JA28
		C9JA08
		C9J7K9
		C9J7E5
		C9J5W6
		C9J2U4
		C9J212
		C9J1X3
		C9J1X0
		C9J0K6
		C9J0A7
		C9IZW8
		C9IZL5
		C9IYN7
		C7C5T7
		C4B7M2
		B9A057
		B9A034
		B8ZZX2
		B8ZZW5
		B8ZZQ6
		B8ZZN6
		B8ZZF8
		B8ZZ87
		B7ZLZ0
		B7ZKK9
		B7ZKJ8
		B7ZC38
		B7ZBQ3
		B7ZAX5
		B7Z9I3
		B7Z9I1
		B7Z8V7
		B7Z896
		B7Z815
		B7Z7X8
		B7Z6M6
		B7Z6B8
		B7Z5N5
		B7Z4V9
		B7Z4U0
		B7Z4K6
		B7Z493
		B7Z3X2
		B7Z3R2
		B7Z3K1
		B7Z3I9
		B7Z3C7
		B7Z341
		B7Z2R9
		B7Z254
		B7Z1T4
		B7WPE2
		B5MDF5
		B5MD23
		B5MCR8
		B4E3Q1
		B4E3J8
		B4E351
		B4E2W0
		B4E241
		B4E220
		B4E1Z4
		B4E1Q4
		B4E1N1
		B4E1H2
		B4E1G1
		B4E1D7
		B4DZU4
		B4DZI8
		B4DZH6
		B4DXZ6
		B4DXX7
		B4DX42
		B4DVY1
		B4DVH1
		B4DVE7
		B4DUS9
		B4DUE9
		B4DUC8
		B4DTL2
		B4DTG6
		B4DTC3
		B4DTA3
		B4DT77
		B4DSS5
		B4DRN8
		B4DRL9
		B4DR61
		B4DQJ8
		B4DP11
		B4DP08
		B4DNJ6
		B4DLN1
		B4DLH4
		B4DKL4
		B4DKD6
		B4DKB2
		B4DKA8
		B4DK95
		B4DJV2
		B4DJP7
		B4DJI7
		B4DJI5
		B4DJA5
		B4DHY1
		B4DHB5
		B4DH53
		B4DH42
		B4DGU4
		B4DGM3
		B4DFT0
		B4DFQ4
		B4DEX5
		B4DER1
		B4DDV1
		B4DDS3
		B4DDF4
		B3KY94
		B3KWW1
		B3KW14
		B3KVY5
		B3KU92
		B3KT86
		B3KSH1
		B3KSC2
		B3KS98
		B3KQZ9
		B3KQC5
		B3KNQ0
		B2RCS5
		B1P7G3
		B1AVU8
		B1AVQ7
		B1ANR0
		B1AMW1
		B1AMS2
		B1ALM5
		B1ALK7
		B1AL69
		B1AKV4
		B1AKC9
		B1AKC7
		B1AK13
		B1AJY7
		B1AHD1
		B0YIW2
		B0UX83
		B0S8I7
		B0QZ18
		B0QYW5
		B0QYN7
		B0QYI3
		B0QY95
		B0QY89
		B0I1T2
		A9UHW6
		A8MYT4
		A8MYR4
		A8MYQ9
		A8MYE6
		A8MXV4
		A8MXB7
		A8MVN1
		A8MV29
		A8MUS3
		A8MUM1
		A8MUA9
		A8MTY9
		A8MTG8
		A8MT40
		A8MRB1
		A8K8G0
		A7KAX9
		A6QL63
		A6PVN5
		A6NNI4
		A6NMQ3
		A6NMB1
		A6NLP3
		A6NLH6
		A6NKB8
		A6NIW2
		A6NIH7
		A6NHL2
		A6NGU5
		A6NGJ0
		A6NG10
		A6NFX8
		A6NFV8
		A6NFQ2
		A6NES3
		A6NEM2
		A6NDU8
		A6NDG6
		A6NCL7
		A6NC89
		A5YKK6
		A5D8V6
		A5A3E0
		A4UGR9
		A4D1W8
		A4D1B5
		A3KMH1
		A2RTX5
		A2RRP1
		A2ACR1
		A2A2V4
		A2A274
		A1X283
		A1L390
		A1L0T0
		A1A4S6
		A0MZ66
		A0FGR8
		A0AVT1
